"recording_id","step_id","start_time","end_time","description","has_errors","Preparation Error","error_description","Measurement Error","error_description","Order Error","error_description","Timing Error","error_description","Technique Error","error_description","Temperature Error","error_description","Missing Step","error_description","Other","error_description"
"1_7","3","7.072","46.288","Coat -Coat a 6-oz. ramekin cup with cooking spray","False","0","None","0","None","0","None","0","None","0","None","0","None","0","None","0","None"
"1_7","1","50.264","82.31","Pour-Pour 1 egg into the ramekin cup","False","0","None","0","None","0","None","0","None","0","None","0","None","0","None","0","None"
"1_7","4","92.60499999999999","135.293","Microwave-Microwave the ramekin cup uncovered on high for 30 seconds","False","0","None","0","None","0","None","0","None","0","None","0","None","0","None","0","None"
"1_7","12","136.004","185.49099999999999","Cut -Cut the English muffin into two pieces with a knife","False","0","None","0","None","0","None","0","None","0","None","0","None","0","None","0","None"
"1_7","11","197.26","224.69400000000002","stir-stir the ramekin cup","False","0","None","0","None","0","None","0","None","0","None","0","None","0","None","0","None"
"1_7","8","225.06900000000002","305.248","Microwave -Continue to Microwave for 15-30 more seconds or until the egg is almost set","False","0","None","0","None","0","None","0","None","0","None","0","None","0","None","0","None"
"1_7","6","313.233","347.534","Top -Top cup with 1 tablespoon of salsa","False","0","None","0","None","0","None","0","None","0","None","0","None","0","None","0","None"
"1_7","5","359.299","421.415","sprinkle -sprinkle 1 tablespoon of cheese on cup","False","0","None","0","None","0","None","0","None","0","None","0","None","0","None","0","None"
"1_7","10","424.715","482.251","Microwave -Microwave just until cheese melts, about 10 seconds","False","0","None","0","None","0","None","0","None","0","None","0","None","0","None","0","None"
"1_7","9","500.174","567.261","Line -Line the bottom piece of the English muffin with lettuce","False","0","None","0","None","0","None","0","None","0","None","0","None","0","None","0","None"
"1_7","2","568.444","587.236","Place -Place the egg from the cup over the lettuce","False","0","None","0","None","0","None","0","None","0","None","0","None","0","None","0","None"
"1_7","7","587.915","592.802","replace -replace the top of the English muffin","False","0","None","0","None","0","None","0","None","0","None","0","None","0","None","0","None"
"1_10","3","11.749052505026611","46.436731329390895","Coat -Coat a 6-oz. ramekin cup with cooking spray","False","0","None","0","None","0","None","0","None","0","None","0","None","0","None","0","None"
"1_10","1","49.51386412832644","87.83815444234182","Pour-Pour 1 egg into the ramekin cup","False","0","None","0","None","0","None","0","None","0","None","0","None","0","None","0","None"
"1_10","4","None","None","Microwave-Microwave the ramekin cup uncovered on high for 30 seconds","True","0","None","0","None","0","None","0","None","0","None","0","None","1","Skipped this step","0","None"
"1_10","11","91.4747659319929","136.22623827837478","stir-stir the ramekin cup","False","0","None","0","None","0","None","0","None","0","None","0","None","0","None","0","None"
"1_10","8","138.19123660674157","227.42808777587226","Microwave -Continue to Microwave for 15-30 more seconds or until the egg is almost set","False","0","None","0","None","0","None","0","None","0","None","0","None","0","None","0","None"
"1_10","6","228.82678450266116","273.86481910526317","Top -Top cup with 1 tablespoon of salsa","False","0","None","0","None","0","None","0","None","0","None","0","None","0","None","0","None"
"1_10","12","276.10273386812537","324.7773799603785","Cut -Cut the English muffin into two pieces with a knife","False","0","None","0","None","0","None","0","None","0","None","0","None","0","None","0","None"
"1_10","5","330.6519062128918","367.77536421512747","sprinkle -sprinkle 1 tablespoon of cheese on cup","False","0","None","0","None","0","None","0","None","0","None","0","None","0","None","0","None"
"1_10","10","372.89254736191606","406.4612688048492","Microwave -Microwave just until cheese melts, about 10 seconds","False","0","None","0","None","0","None","0","None","0","None","0","None","0","None","0","None"
"1_10","9","412.0560557120047","432.7567672684802","Line -Line the bottom piece of the English muffin with lettuce","False","0","None","0","None","0","None","0","None","0","None","0","None","0","None","0","None"
"1_10","2","433.3162459591957","461.5699198403312","Place -Place the egg from the cup over the lettuce","False","0","None","0","None","0","None","0","None","0","None","0","None","0","None","0","None"
"1_10","7","462.10210688759724","469.4582485670554","replace -replace the top of the English muffin","False","0","None","0","None","0","None","0","None","0","None","0","None","0","None","0","None"
"1_14","12","0.799","87.74","Cut -Cut the English muffin into two pieces with a knife","False","0","None","0","None","0","None","0","None","0","None","0","None","0","None","0","None"
"1_14","3","93.5002075103489","120.33434778237728","Coat -Coat a 6-oz. ramekin cup with cooking spray","False","0","None","0","None","0","None","0","None","0","None","0","None","0","None","0","None"
"1_14","1","125.3657490833826","192.0318163217031","Pour-Pour 1 egg into the ramekin cup","False","0","None","0","None","0","None","0","None","0","None","0","None","0","None","0","None"
"1_14","4","200.417485156712","247.79651407451212","Microwave-Microwave the ramekin cup uncovered on high for 30 seconds","False","0","None","0","None","0","None","0","None","0","None","0","None","0","None","0","None"
"1_14","11","252.82791537551745","285.49209207569487","stir-stir the ramekin cup","False","0","None","0","None","0","None","0","None","0","None","0","None","0","None","0","None"
"1_14","8","290.5273669004071","337.41851752198846","Microwave -Continue to Microwave for 15-30 more seconds or until the egg is almost set","False","0","None","0","None","0","None","0","None","0","None","0","None","0","None","0","None"
"1_14","6","344.8223834096065","424.1495179198004","Top -Top cup with 1 tablespoon of salsa","False","0","None","0","None","0","None","0","None","0","None","0","None","0","None","0","None"
"1_14","9","428.38029842701076","484.0855751052803","Line -Line the bottom piece of the English muffin with lettuce","False","0","None","0","None","0","None","0","None","0","None","0","None","0","None","0","None"
"1_14","5","487.25866048568804","572.2268356721625","sprinkle -sprinkle 1 tablespoon of cheese on cup","False","0","None","0","None","0","None","0","None","0","None","0","None","0","None","0","None"
"1_14","10","578.5730064329779","654.3744905204966","Microwave -Microwave just until cheese melts, about 10 seconds","False","0","None","0","None","0","None","0","None","0","None","0","None","0","None","0","None"
"1_14","2","684.3425191132366","693.5092102121923","Place -Place the egg from the cup over the lettuce","False","0","None","0","None","0","None","0","None","0","None","0","None","0","None","0","None"
"1_14","7","693.5125136620838","696.7887888109601","replace -replace the top of the English muffin","False","0","None","0","None","0","None","0","None","0","None","0","None","0","None","0","None"
"1_19","3","1.874","33.672550798344176","Coat -Coat a 6-oz. ramekin cup with cooking spray","False","0","None","0","None","0","None","0","None","0","None","0","None","0","None","0","None"
"1_19","1","38.18960029568303","80.215","Pour-Pour 1 egg into the ramekin cup","False","0","None","0","None","0","None","0","None","0","None","0","None","0","None","0","None"
"1_19","4","99.68395383402326","154.0604331886169","Microwave-Microwave the ramekin cup uncovered on high for 30 seconds","False","0","None","0","None","0","None","0","None","0","None","0","None","0","None","0","None"
"1_19","12","155.22224636309875","278.51800000000003","Cut -Cut the English muffin into two pieces with a knife","False","0","None","0","None","0","None","0","None","0","None","0","None","0","None","0","None"
"1_19","9","279.6464279716144","310.7950398047049","Line -Line the bottom piece of the English muffin with lettuce","False","0","None","0","None","0","None","0","None","0","None","0","None","0","None","0","None"
"1_19","11","317.2493984624482","366.80006264537747","stir-stir the ramekin cup","False","0","None","0","None","0","None","0","None","0","None","0","None","0","None","0","None"
"1_19","8","367.05426889414537","421.76727535974766","Microwave -Continue to Microwave for 15-30 more seconds or until the egg is almost set","False","0","None","0","None","0","None","0","None","0","None","0","None","0","None","0","None"
"1_19","6","421.9705121336681","486.60942312241275","Top -Top cup with 1 tablespoon of salsa","False","0","None","0","None","0","None","0","None","0","None","0","None","0","None","0","None"
"1_19","5","488.2519865759905","560.9354193968067","sprinkle -sprinkle 1 tablespoon of cheese on cup","False","0","None","0","None","0","None","0","None","0","None","0","None","0","None","0","None"
"1_19","10","561.0820768480188","654.4539874531835","Microwave -Microwave just until cheese melts, about 10 seconds","False","0","None","0","None","0","None","0","None","0","None","0","None","0","None","0","None"
"1_19","2","660.1853129530803","681.5133603051545","Place -Place the egg from the cup over the lettuce","False","0","None","0","None","0","None","0","None","0","None","0","None","0","None","0","None"
"1_19","7","685.2704141975933","690.5887141600921","replace -replace the top of the English muffin","False","0","None","0","None","0","None","0","None","0","None","0","None","0","None","0","None"
"1_20","12","0","101.87100000000001","Cut -Cut the English muffin into two pieces with a knife","False","0","None","0","None","0","None","0","None","0","None","0","None","0","None","0","None"
"1_20","3","110.207","162.013","Coat -Coat a 6-oz. ramekin cup with cooking spray","False","0","None","0","None","0","None","0","None","0","None","0","None","0","None","0","None"
"1_20","1","162.304","224.23968640272642","Pour-Pour 1 egg into the ramekin cup","False","0","None","0","None","0","None","0","None","0","None","0","None","0","None","0","None"
"1_20","4","237.09416893111296","295.51762679791875","Microwave-Microwave the ramekin cup uncovered on high for 30 seconds","False","0","None","0","None","0","None","0","None","0","None","0","None","0","None","0","None"
"1_20","9","258.4494628487731","327.2077263987483","Line -Line the bottom piece of the English muffin with lettuce","False","0","None","0","None","0","None","0","None","0","None","0","None","0","None","0","None"
"1_20","11","334.99807153002627","367.51429468666475","stir-stir the ramekin cup","False","0","None","0","None","0","None","0","None","0","None","0","None","0","None","0","None"
"1_20","8","368.8526148470752","420.4576481854286","Microwave -Continue to Microwave for 15-30 more seconds or until the egg is almost set","False","0","None","0","None","0","None","0","None","0","None","0","None","0","None","0","None"
"1_20","6","393.68353755103055","468.7029116646954","Top -Top cup with 1 tablespoon of salsa","False","0","None","0","None","0","None","0","None","0","None","0","None","0","None","0","None"
"1_20","5","470.55751513995193","539.3589657522177","sprinkle -sprinkle 1 tablespoon of cheese on cup","False","0","None","0","None","0","None","0","None","0","None","0","None","0","None","0","None"
"1_20","10","539.7300131632012","653.3806172875323","Microwave -Microwave just until cheese melts, about 10 seconds","False","0","None","0","None","0","None","0","None","0","None","0","None","0","None","0","None"
"1_20","2","658.0348364748886","664.8946145866352","Place -Place the egg from the cup over the lettuce","False","0","None","0","None","0","None","0","None","0","None","0","None","0","None","0","None"
"1_20","7","665.0422096933947","671.6443194765509","replace -replace the top of the English muffin","False","0","None","0","None","0","None","0","None","0","None","0","None","0","None","0","None"
"1_25","3","9.803","34.444","Coat -Coat a 6-oz. ramekin cup with cooking spray","False","0","None","0","None","0","None","0","None","0","None","0","None","0","None","0","None"
"1_25","1","37.87136398580722","70.69321277350681","Pour-Pour 1 egg into the ramekin cup","False","0","None","0","None","0","None","0","None","0","None","0","None","0","None","0","None"
"1_25","4","76.217","133.551","Microwave-Microwave the ramekin cup uncovered on high for 30 seconds","False","0","None","0","None","0","None","0","None","0","None","0","None","0","None","0","None"
"1_25","11","142.46846451803668","162.6665253104672","stir-stir the ramekin cup","False","0","None","0","None","0","None","0","None","0","None","0","None","0","None","0","None"
"1_25","8","163.74856428149025","200.17720963926672","Microwave -Continue to Microwave for 15-30 more seconds or until the egg is almost set","False","0","None","0","None","0","None","0","None","0","None","0","None","0","None","0","None"
"1_25","12","212.062","333.851","Cut -Cut the English muffin into two pieces with a knife","False","0","None","0","None","0","None","0","None","0","None","0","None","0","None","0","None"
"1_25","9","352.79200000000003","389.451","Line -Line the bottom piece of the English muffin with lettuce","False","0","None","0","None","0","None","0","None","0","None","0","None","0","None","0","None"
"1_25","6","398.501","468.536","Top -Top cup with 1 tablespoon of salsa","False","0","None","0","None","0","None","0","None","0","None","0","None","0","None","0","None"
"1_25","5","469.24423376700184","498.8199656416322","sprinkle -sprinkle 1 tablespoon of cheese on cup","False","0","None","0","None","0","None","0","None","0","None","0","None","0","None","0","None"
"1_25","10","502.344","568.265","Microwave -Microwave just until cheese melts, about 10 seconds","False","0","None","0","None","0","None","0","None","0","None","0","None","0","None","0","None"
"1_25","2","570.2345377291545","582.219","Place -Place the egg from the cup over the lettuce","False","0","None","0","None","0","None","0","None","0","None","0","None","0","None","0","None"
"1_25","7","583.9403646954465","598.0068713187463","replace -replace the top of the English muffin","False","0","None","0","None","0","None","0","None","0","None","0","None","0","None","0","None"
"1_28","12","4.121","40.381","Cut -Cut the English muffin into two pieces with a knife","True","1","Cut the muffin into two pieces with hand","0","None","0","None","0","None","0","None","0","None","0","None","0","None"
"1_28","3","43.843","72.451","Coat -Coat a 6-oz. ramekin cup with cooking spray","True","1","Coat a bowl than ramekin cup with cooking spray","0","None","0","None","0","None","0","None","0","None","0","None","0","None"
"1_28","1","73.216","103.816","Pour-Pour 1 egg into the ramekin cup","True","0","None","0","None","0","None","0","None","1","Cracking the egg inappropriately","0","None","0","None","0","None"
"1_28","11","116.476","153.168","stir-stir the ramekin cup","False","0","None","0","None","0","None","0","None","0","None","0","None","0","None","0","None"
"1_28","8","154.981","229.358","Microwave -Continue to Microwave for 15-30 more seconds or until the egg is almost set","True","0","None","0","None","0","None","1","Microwave on high for 1 min","0","None","0","None","0","None","0","None"
"1_28","6","190.015","260.8","Top -Top cup with 1 tablespoon of salsa","True","0","None","1","Top the cup with 1 teaspoon of salsa","0","None","0","None","0","None","0","None","0","None","0","None"
"1_28","5","261.4458992533255","294.695","sprinkle -sprinkle 1 tablespoon of cheese on cup","False","0","None","0","None","0","None","0","None","0","None","0","None","0","None","0","None"
"1_28","9","300.045","324.53","Line -Line the bottom piece of the English muffin with lettuce","False","0","None","0","None","0","None","0","None","0","None","0","None","0","None","0","None"
"1_28","10","330.193","400.79","Microwave -Microwave just until cheese melts, about 10 seconds","True","0","None","0","None","0","None","1","Microwave for 30 sec","0","None","0","None","0","None","0","None"
"1_28","2","408.178","438.868","Place -Place the egg from the cup over the lettuce","False","0","None","0","None","0","None","0","None","0","None","0","None","0","None","0","None"
"1_28","7","439.66820009867604","445.8981931369654","replace -replace the top of the English muffin","False","0","None","0","None","0","None","0","None","0","None","0","None","0","None","0","None"
"1_28","4","None","None","Microwave-Microwave the ramekin cup uncovered on high for 30 seconds","True","0","None","0","None","0","None","0","None","0","None","0","None","1","Skipped this step","0","None"
"1_30","1","3.207","45.265","Pour-Pour 1 egg into the ramekin cup","True","1","large cup instead of ramekin cup","0","None","0","None","0","None","0","None","0","None","0","None","0","None"
"1_30","12","49.962","86.981","Cut -Cut the English muffin into two pieces with a knife","False","0","None","0","None","0","None","0","None","0","None","0","None","0","None","0","None"
"1_30","4","96.884","122.465","Microwave-Microwave the ramekin cup uncovered on high for 30 seconds","True","0","None","0","None","0","None","1","Microwaved for 10 secs instead of 30 seconds","0","None","0","None","0","None","0","None"
"1_30","9","129.86","159.447","Line -Line the bottom piece of the English muffin with lettuce","False","0","None","0","None","0","None","0","None","0","None","0","None","0","None","0","None"
"1_30","11","165.13","194.256","stir-stir the ramekin cup","False","0","None","0","None","0","None","0","None","0","None","0","None","0","None","0","None"
"1_30","6","197.12","252.806","Top -Top cup with 1 tablespoon of salsa","True","0","None","1","1/2  tablespoon of salsa","0","None","0","None","0","None","0","None","0","None","0","None"
"1_30","5","253.504","314.825","sprinkle -sprinkle 1 tablespoon of cheese on cup","True","0","None","0","None","0","None","0","None","1","pour directly","0","None","0","None","0","None"
"1_30","10","315.32","444.966","Microwave -Microwave just until cheese melts, about 10 seconds","True","0","None","0","None","0","None","1","Until egg is solid","0","None","0","None","0","None","0","None"
"1_30","2","445.484","453.747","Place -Place the egg from the cup over the lettuce","False","0","None","0","None","0","None","0","None","0","None","0","None","0","None","0","None"
"1_30","7","453.8","460.279","replace -replace the top of the English muffin","True","0","None","0","None","0","None","0","None","1","flipped top muffin","0","None","0","None","0","None"
"1_30","3","None","None","Coat -Coat a 6-oz. ramekin cup with cooking spray","True","0","None","0","None","0","None","0","None","0","None","0","None","1","Skipped this step","0","None"
"1_30","8","None","None","Microwave -Continue to Microwave for 15-30 more seconds or until the egg is almost set","True","0","None","0","None","0","None","0","None","0","None","0","None","1","Skipped this step","0","None"
"1_32","1","4.168","40.975","Pour-Pour 1 egg into the ramekin cup","True","1","Bowl instead of cup","1","Bowl instead of cup","0","None","0","None","0","None","0","None","0","None","0","None"
"1_32","12","44.615","72.013","Cut -Cut the English muffin into two pieces with a knife","True","1","hand instead of knife","0","None","0","None","0","None","0","None","0","None","0","None","0","None"
"1_32","4","79.47800000000001","111","Microwave-Microwave the ramekin cup uncovered on high for 30 seconds","True","0","None","0","None","0","None","1","15 instead of 30 seconds","0","None","0","None","0","None","0","None"
"1_32","11","98.863","127.186","stir-stir the ramekin cup","True","0","None","0","None","0","None","0","None","1","stir too rapidly","0","None","0","None","0","None"
"1_32","8","129.917","173.559","Microwave -Continue to Microwave for 15-30 more seconds or until the egg is almost set","False","0","None","0","None","0","None","0","None","0","None","0","None","0","None","0","None"
"1_32","6","174.167","218.198","Top -Top cup with 1 tablespoon of salsa","True","0","None","1","2 instead of 1 tablespoon","0","None","0","None","0","None","0","None","0","None","0","None"
"1_32","5","220.29818270068142","258.372","sprinkle -sprinkle 1 tablespoon of cheese on cup","False","0","None","0","None","0","None","0","None","0","None","0","None","0","None","0","None"
"1_32","10","259.006","292.037","Microwave -Microwave just until cheese melts, about 10 seconds","False","0","None","0","None","0","None","0","None","0","None","0","None","0","None","0","None"
"1_32","9","295.887","327.745","Line -Line the bottom piece of the English muffin with lettuce","False","0","None","0","None","0","None","0","None","0","None","0","None","0","None","0","None"
"1_32","2","328.9127055246496","350.664","Place -Place the egg from the cup over the lettuce","True","0","None","0","None","1","Remove already present lettuce, place egg and then place lettuce on top of the egg","0","None","0","None","0","None","0","None","0","None"
"1_32","7","351.008","354.254","replace -replace the top of the English muffin","False","0","None","0","None","0","None","0","None","0","None","0","None","0","None","0","None"
"1_32","3","None","None","Coat -Coat a 6-oz. ramekin cup with cooking spray","True","0","None","0","None","0","None","0","None","0","None","0","None","1","Skipped this step","0","None"
"1_33","3","8.595","70.494","Coat -Coat a 6-oz. ramekin cup with cooking spray","True","1","Coating a large bowl instead of 6-oz ramekin cup","0","None","0","None","0","None","0","None","0","None","0","None","0","None"
"1_33","1","79.569","255.707","Pour-Pour 1 egg into the ramekin cup","True","0","None","1","Cracking another egg thus making a measurement error","0","None","0","None","1","Cracking another egg thus making a measurement error","0","None","0","None","0","None"
"1_33","12","278.5853726157889","337.069","Cut -Cut the English muffin into two pieces with a knife","True","0","None","1","Cut the muffin improperly such that it results into 3 pieces","0","None","0","None","1","Cut the muffin improperly such that it results into 3 pieces","0","None","0","None","0","None"
"1_33","4","343.947","394.555","Microwave-Microwave the ramekin cup uncovered on high for 30 seconds","False","0","None","0","None","0","None","0","None","0","None","0","None","0","None","0","None"
"1_33","11","398.511","432.764","stir-stir the ramekin cup","False","0","None","0","None","0","None","0","None","0","None","0","None","0","None","0","None"
"1_33","8","432.966","500.192","Microwave -Continue to Microwave for 15-30 more seconds or until the egg is almost set","False","0","None","0","None","0","None","0","None","0","None","0","None","0","None","0","None"
"1_33","9","453.9597429201151","489.73104949843434","Line -Line the bottom piece of the English muffin with lettuce","False","0","None","0","None","0","None","0","None","0","None","0","None","0","None","0","None"
"1_33","5","505.875621493959","540.3806871314528","sprinkle -sprinkle 1 tablespoon of cheese on cup","False","0","None","0","None","0","None","0","None","0","None","0","None","0","None","0","None"
"1_33","10","541.3303678370719","604.9589751135512","Microwave -Microwave just until cheese melts, about 10 seconds","False","0","None","0","None","0","None","0","None","0","None","0","None","0","None","0","None"
"1_33","7","606.8583365247894","631.2334746356795","replace -replace the top of the English muffin","True","0","None","0","None","0","None","0","None","0","None","0","None","0","None","1","add and replace - add contents of the bowl to the lettuce and replace the top of the English muffin"
"1_33","6","None","None","Top -Top cup with 1 tablespoon of salsa","True","0","None","0","None","0","None","0","None","0","None","0","None","1","Skipped this step","0","None"
"1_33","2","610","620","Place -Place the egg from the cup over the lettuce","False","0","None","0","None","0","None","0","None","0","None","0","None","0","None","0","None"
"1_34","1","1.3719999999999999","31.659","Pour-Pour 1 egg into the ramekin cup","True","0","None","0","None","0","None","0","None","1","Cracked egg with shell and did not clear it","0","None","0","None","0","None"
"1_34","12","40.805","83.385","Cut -Cut the English muffin into two pieces with a knife","False","0","None","0","None","0","None","0","None","0","None","0","None","0","None","0","None"
"1_34","4","87.014","149.567","Microwave-Microwave the ramekin cup uncovered on high for 30 seconds","False","0","None","0","None","0","None","0","None","0","None","0","None","0","None","0","None"
"1_34","11","150.39274015722512","161.876","stir-stir the ramekin cup","True","1","Stirring with knife","0","None","0","None","0","None","0","None","0","None","0","None","0","None"
"1_34","8","164.21938243817988","194.062","Microwave -Continue to Microwave for 15-30 more seconds or until the egg is almost set","False","0","None","0","None","0","None","0","None","0","None","0","None","0","None","0","None"
"1_34","9","200.993","217.179","Line -Line the bottom piece of the English muffin with lettuce","True","0","None","0","None","0","None","0","None","1","The top piece","0","None","0","None","0","None"
"1_34","6","219.01385369974128","245.179","Top -Top cup with 1 tablespoon of salsa","False","0","None","0","None","0","None","0","None","0","None","0","None","0","None","0","None"
"1_34","5","255.88489978228725","286.39","sprinkle -sprinkle 1 tablespoon of cheese on cup","True","0","None","1","Sprinkled cheese on top of the cup without measuring it","0","None","0","None","0","None","0","None","0","None","0","None"
"1_34","10","287.29356866741904","315.925","Microwave -Microwave just until cheese melts, about 10 seconds","True","0","None","0","None","0","None","1","Did not wait for cheese to melt","0","None","0","None","0","None","0","None"
"1_34","2","316.8245453909397","332.213","Place -Place the egg from the cup over the lettuce","False","0","None","0","None","0","None","0","None","0","None","0","None","0","None","0","None"
"1_34","7","333.72377484543995","335.7721662944703","replace -replace the top of the English muffin","True","0","None","0","None","0","None","0","None","1","Replace with the bottom piece","0","None","0","None","0","None"
"1_34","3","None","None","Coat -Coat a 6-oz. ramekin cup with cooking spray","True","0","None","0","None","0","None","0","None","0","None","0","None","1","Skipped this step","0","None"
"1_36","3","2.512","52.325","Coat -Coat a 6-oz. ramekin cup with cooking spray","True","1","Take a big cup instead of a 6 Oz ramekin cup.","0","None","0","None","0","None","0","None","0","None","0","None","0","None"
"1_36","1","53.122","145.21699999999998","Pour-Pour 1 egg into the ramekin cup","True","0","None","1","Add 2 eggs instead of 1 egg.","0","None","0","None","0","None","0","None","0","None","0","None"
"1_36","5","151.317","221.44299999999998","sprinkle -sprinkle 1 tablespoon of cheese on cup","True","0","None","1","Step performed before microwaving the egg","1","Step performed before microwaving the egg","0","None","0","None","0","None","0","None","0","None"
"1_36","12","237.201","285.053","Cut -Cut the English muffin into two pieces with a knife","True","0","None","0","None","0","None","0","None","1","Cutting into two uneven pieces.","0","None","0","None","0","None"
"1_36","8","286.8595018977654","321.903","Microwave -Continue to Microwave for 15-30 more seconds or until the egg is almost set","True","0","None","0","None","1","Step performed after adding cheese to the cup","1","Step performed after adding cheese to the cup","0","None","0","None","0","None","0","None"
"1_36","6","322.93492467250434","365.751","Top -Top cup with 1 tablespoon of salsa","True","0","None","1","Step performed before microwaving completely for the egg to set","1","Step performed before microwaving completely for the egg to set","0","None","0","None","0","None","0","None","0","None"
"1_36","10","368.776","452.117","Microwave -Microwave just until cheese melts, about 10 seconds","True","0","None","0","None","0","None","1","Microwave more than 30 seconds.","0","None","0","None","0","None","0","None"
"1_36","9","398.09205545321043","471.96500000000003","Line -Line the bottom piece of the English muffin with lettuce","False","0","None","0","None","0","None","0","None","0","None","0","None","0","None","0","None"
"1_36","2","472.466","483.51","Place -Place the egg from the cup over the lettuce","True","1","Place the egg on other piece of English muffin instead of lettuce.","0","None","0","None","0","None","0","None","0","None","0","None","0","None"
"1_36","7","483.522","488.79","replace -replace the top of the English muffin","True","1","Place the other English muffin piece with lettuce on top of the egg.","0","None","0","None","0","None","0","None","0","None","0","None","0","None"
"1_36","10","None","None","Microwave-Microwave the ramekin cup uncovered on high for 30 seconds","True","0","None","0","None","0","None","0","None","0","None","0","None","1","Skipped this step","0","None"
"1_36","11","None","None","stir-stir the ramekin cup","True","0","None","0","None","0","None","0","None","0","None","0","None","1","Skipped this step","0","None"
"1_37","3","2.443475113605638","47.181","Coat -Coat a 6-oz. ramekin cup with cooking spray","True","1","use mug instead of ramekin cup","0","None","0","None","0","None","0","None","0","None","0","None","0","None"
"1_37","1","56.075","90.923","Pour-Pour 1 egg into the ramekin cup","True","0","None","0","None","1","Step performed before correct order","0","None","0","None","0","None","0","None","0","None"
"1_37","4","94.8443532677578","183.102","Microwave-Microwave the ramekin cup uncovered on high for 30 seconds","True","0","None","0","None","0","None","1","Microwave set on power level low instead of high","0","None","1","Microwave set on power level low instead of high","0","None","0","None"
"1_37","6","185.72548013647983","254.974","Top -Top cup with 1 tablespoon of salsa","True","0","None","1","Step performed before microwaving completely until egg is almost set","1","Step performed before microwaving completely until egg is almost set","0","None","0","None","0","None","0","None","0","None"
"1_37","12","259.153","316.001","Cut -Cut the English muffin into two pieces with a knife","False","0","None","0","None","0","None","0","None","0","None","0","None","0","None","0","None"
"1_37","9","326.159","365.843","Line -Line the bottom piece of the English muffin with lettuce","True","0","None","0","None","1","Step performed after correct order","0","None","0","None","0","None","0","None","0","None"
"1_37","11","376.831","391.405","stir-stir the ramekin cup","False","0","None","0","None","0","None","0","None","0","None","0","None","0","None","0","None"
"1_37","8","393.138","430.408","Microwave -Continue to Microwave for 15-30 more seconds or until the egg is almost set","True","0","None","0","None","1","Step performed after adding salsa to the bowl","1","Step performed after adding salsa to the bowl","0","None","0","None","0","None","0","None"
"1_37","5","438.837","480.076","sprinkle -sprinkle 1 tablespoon of cheese on cup","False","0","None","0","None","0","None","0","None","0","None","0","None","0","None","0","None"
"1_37","10","481.292","586.739","Microwave -Microwave just until cheese melts, about 10 seconds","True","0","None","0","None","0","None","1","Microwaved for 30 seconds instead of 10 seconds","0","None","0","None","0","None","0","None"
"1_37","2","588.063","595.921","Place -Place the egg from the cup over the lettuce","False","0","None","0","None","0","None","0","None","0","None","0","None","0","None","0","None"
"1_37","7","596.274","604.912","replace -replace the top of the English muffin","False","0","None","0","None","0","None","0","None","0","None","0","None","0","None","0","None"
"1_42","1","0.071","31.87","Pour-Pour 1 egg into the ramekin cup","True","1","Step performed before coating with cooking spray","0","None","1","Step performed before coating with cooking spray","0","None","0","None","0","None","0","None","0","None"
"1_42","4","33.325","122.061","Microwave-Microwave the ramekin cup uncovered on high for 30 seconds","True","0","None","0","None","1","Step performed before coating with cooking spray","1","Step performed before coating with cooking spray","0","None","1","Step performed before coating with cooking spray","0","None","0","None"
"1_42","11","62.116","136.67","stir-stir the ramekin cup","True","0","None","0","None","1","Step performed before coating with cooking spray","0","None","0","None","0","None","0","None","0","None"
"1_42","3","137.161","147.652","Coat -Coat a 6-oz. ramekin cup with cooking spray","True","1","Step performed after adding egg, microwaving and stirring","0","None","1","Step performed after adding egg, microwaving and stirring","0","None","0","None","0","None","0","None","0","None"
"1_42","12","149.234","202.324","Cut -Cut the English muffin into two pieces with a knife","True","1","Step performed after correct order","0","None","1","Step performed after correct order","0","None","0","None","0","None","0","None","0","None"
"1_42","9","202.461","228.506","Line -Line the bottom piece of the English muffin with lettuce","True","0","None","0","None","1","Step performed after correct order","0","None","0","None","0","None","0","None","0","None"
"1_42","8","229.025","274.524","Microwave -Continue to Microwave for 15-30 more seconds or until the egg is almost set","True","0","None","0","None","0","None","0","None","1","Not checking if the egg is set or not and microwaving for only 30 seconds","0","None","0","None","0","None"
"1_42","6","246.315","291.04200000000003","Top -Top cup with 1 tablespoon of salsa","True","0","None","1","2 instead of 1 tablespoon","0","None","0","None","0","None","0","None","0","None","0","None"
"1_42","5","292.943","320.906","sprinkle -sprinkle 1 tablespoon of cheese on cup","False","0","None","0","None","0","None","0","None","0","None","0","None","0","None","0","None"
"1_42","10","321.543","354.832","Microwave -Microwave just until cheese melts, about 10 seconds","False","0","None","0","None","0","None","0","None","0","None","0","None","0","None","0","None"
"1_42","2","355.451","377.415","Place -Place the egg from the cup over the lettuce","True","0","None","0","None","1","Removing the placed lettuce on one piece of the muffin and placing egg on it and then lining it with lettuce.","0","None","0","None","0","None","0","None","0","None"
"1_42","7","378.342","383.7334159237281","replace -replace the top of the English muffin","False","0","None","0","None","0","None","0","None","0","None","0","None","0","None","0","None"
"1_43","3","None","None","Coat -Coat a 6-oz. ramekin cup with cooking spray","True","0","None","0","None","0","None","0","None","0","None","0","None","1","Skipped this step","0","None"
"1_43","1","12.057","58.423","Pour-Pour 1 egg into the ramekin cup","True","0","None","1","2 instead of 1 egg","0","None","0","None","0","None","0","None","0","None","0","None"
"1_43","4","61","112","Microwave-Microwave the ramekin cup uncovered on high for 30 seconds","True","0","None","0","None","1","Step performed before correct order","0","None","0","None","1","Step performed before correct order","0","None","0","None"
"1_43","11","119.667","140.546","stir-stir the ramekin cup","False","0","None","0","None","0","None","0","None","0","None","0","None","0","None","0","None"
"1_43","12","141.036","163.375","Cut -Cut the English muffin into two pieces with a knife","True","1","Using hand instead of knife","0","None","0","None","0","None","0","None","0","None","0","None","0","None"
"1_43","8","164.668","208.156","Microwave -Continue to Microwave for 15-30 more seconds or until the egg is almost set","False","0","None","0","None","0","None","0","None","0","None","0","None","0","None","0","None"
"1_43","9","211.693","239.742","Line -Line the bottom piece of the English muffin with lettuce","False","0","None","0","None","0","None","0","None","0","None","0","None","0","None","0","None"
"1_43","5","246.351","317.205","sprinkle -sprinkle 1 tablespoon of cheese on cup","True","0","None","1","Step performed before adding salsa","1","Step performed before adding salsa","0","None","0","None","0","None","0","None","0","None"
"1_43","10","326.839","365.595","Microwave -Microwave just until cheese melts, about 10 seconds","True","0","None","0","None","1","Step performed before adding salsa","1","Step performed before adding salsa","0","None","0","None","0","None","0","None"
"1_43","6","335.693","387.254","Top -Top cup with 1 tablespoon of salsa","True","0","None","1","Step performed after microwaving to melt the cheese","1","Step performed after microwaving to melt the cheese","0","None","0","None","0","None","0","None","0","None"
"1_43","2","400.1810973590564","428.083","Place -Place the egg from the cup over the lettuce","False","0","None","0","None","0","None","0","None","0","None","0","None","0","None","0","None"
"1_43","7","428.156","435.595","replace -replace the top of the English muffin","False","0","None","0","None","0","None","0","None","0","None","0","None","0","None","0","None"
"1_49","3","2.104336428661891","31.173","Coat -Coat a 6-oz. ramekin cup with cooking spray","True","1","Bowl instead of ramekin cup","0","None","0","None","0","None","0","None","0","None","0","None","0","None"
"1_49","5","36.842","74.629","sprinkle -sprinkle 1 tablespoon of cheese on cup","True","1","Step performed before adding and microwaving egg and adding salsa to it","0","None","1","Step performed before adding and microwaving egg and adding salsa to it","0","None","0","None","0","None","0","None","0","None"
"1_49","10","75.11423669668774","101.798","Microwave -Microwave just until cheese melts, about 10 seconds","True","0","None","0","None","1","Step performed before adding egg and salsa to it","0","None","0","None","0","None","0","None","0","None"
"1_49","12","99.89566498609601","147.55225785034264","Cut -Cut the English muffin into two pieces with a knife","True","1","hands instead of a knife","0","None","0","None","0","None","0","None","0","None","0","None","0","None"
"1_49","1","160.51485110941772","183.5806420557131","Pour-Pour 1 egg into the ramekin cup","True","0","None","0","None","1","Step performed after adding and melting cheese to the cup","0","None","0","None","0","None","0","None","0","None"
"1_49","4","190.055","218.155","Microwave-Microwave the ramekin cup uncovered on high for 30 seconds","True","0","None","0","None","1","Step performed after adding and melting cheese to the cup","1","Step performed after adding and melting cheese to the cup","0","None","1","Step performed after adding and melting cheese to the cup","0","None","0","None"
"1_49","11","218.27464166088464","231.42786129141672","stir-stir the ramekin cup","True","0","None","0","None","1","Step performed after adding and melting cheese to the cup","0","None","0","None","0","None","0","None","0","None"
"1_49","8","236.57477332075538","280.609","Microwave -Continue to Microwave for 15-30 more seconds or until the egg is almost set","False","0","None","0","None","0","None","0","None","0","None","0","None","0","None","0","None"
"1_49","6","282.3251024704321","315.4940911039478","Top -Top cup with 1 tablespoon of salsa","True","0","None","1","Step performed after adding and melting cheese","1","Step performed after adding and melting cheese","0","None","0","None","0","None","0","None","0","None"
"1_49","9","316.2565965897757","346.94744239435056","Line -Line the bottom piece of the English muffin with lettuce","True","0","None","1","two pieces instead of bottom piece","0","None","0","None","0","None","0","None","0","None","0","None"
"1_49","2","354.953749995544","369.250727854818","Place -Place the egg from the cup over the lettuce","True","0","None","0","None","1","Removing the placed lettuce on one piece of the muffin and placing egg on it and then lining it with lettuce.","0","None","0","None","0","None","0","None","0","None"
"1_49","7","370.5851124550169","378.5914200562103","replace -replace the top of the English muffin","False","0","None","0","None","0","None","0","None","0","None","0","None","0","None","0","None"
"1_136","3","9.562","48.19","Coat -Coat a 6-oz. ramekin cup with cooking spray","True","0","None","1","Take a big cup instead of a 6 Oz ramekin cup.","0","None","0","None","0","None","0","None","0","None","0","None"
"1_136","1","49.834","150.827","Pour-Pour 1 egg into the ramekin cup","True","0","None","1","Add 2 eggs instead of 1 egg.","0","None","0","None","0","None","0","None","0","None","0","None"
"1_136","5","159.142","255.89","sprinkle -sprinkle 1 tablespoon of cheese on cup","True","0","None","1","Step performed before microwaving and adding salsa","1","Step performed before microwaving and adding salsa","0","None","0","None","0","None","0","None","0","None"
"1_136","12","262.26800000000003","373.352","Cut -Cut the English muffin into two pieces with a knife","True","0","None","0","None","0","None","0","None","1","Cutting into two uneven pieces.","0","None","0","None","0","None"
"1_136","8","380.022","413.654","Microwave-Microwave the ramekin cup uncovered on high for 30 seconds","True","0","None","0","None","1","Step performed after adding cheese and before initial stirring","1","Step performed after adding cheese and before initial stirring","0","None","0","None","0","None","0","None"
"1_136","6","422","469.314","Top -Top cup with 1 tablespoon of salsa","True","0","None","1","Step performed after adding cheese and before microwaving enough to set the egg","1","Step performed after adding cheese and before microwaving enough to set the egg","0","None","0","None","0","None","0","None","0","None"
"1_136","9","470.694","537.882","Line -Line the bottom piece of the English muffin with lettuce","False","0","None","0","None","0","None","0","None","0","None","0","None","0","None","0","None"
"1_136","4","561.933","744.687","Microwave -Continue to Microwave for 15-30 more seconds or until the egg is almost set","True","1","The material in microwave is spilled out","0","None","1","The material in microwave is spilled out","1","The material in microwave is spilled out","0","None","0","None","0","None","0","None"
"1_136","2","None","None","Place -Place the egg from the cup over the lettuce","True","0","None","0","None","0","None","0","None","0","None","0","None","1","Skipped this step","0","None"
"1_136","10","None","None","Microwave -Microwave just until cheese melts, about 10 seconds","True","0","None","0","None","0","None","0","None","0","None","0","None","1","Skipped this step","0","None"
"1_136","11","None","None","stir-stir the ramekin cup","True","0","None","0","None","0","None","0","None","0","None","0","None","1","Skipped this step","0","None"
"1_136","7","None","None","replace -replace the top of the English muffin","True","0","None","0","None","0","None","0","None","0","None","0","None","1","Skipped this step","0","None"
"1_143","3","None","None","Coat -Coat a 6-oz. ramekin cup with cooking spray","True","0","None","0","None","0","None","0","None","0","None","0","None","1","Skipped this step","0","None"
"1_143","1","18.129","64.244","Pour-Pour 1 egg into the ramekin cup","True","0","None","1","Step performed before correct order","1","Step performed before correct order","0","None","0","None","0","None","0","None","0","None"
"1_143","4","80.816","185.637","Microwave-Microwave the ramekin cup uncovered on high for 30 seconds","True","0","None","0","None","0","None","0","None","0","None","1","Set microwave to medium temperature instead of high","0","None","0","None"
"1_143","11","189.68529818614806","226.833","stir-stir the ramekin cup","True","0","None","0","None","0","None","0","None","1","Egg is not stirred properly leaving yolk unmixed and did not stir properly","0","None","0","None","0","None"
"1_143","12","229.59961320355234","272.37","Cut -Cut the English muffin into two pieces with a knife","True","0","None","1","Cut the muffin into multiple pieces instead of two halves","0","None","0","None","0","None","0","None","0","None","0","None"
"1_143","8","275.58090410360205","322.309","Microwave -Continue to Microwave for 15-30 more seconds or until the egg is almost set","False","0","None","0","None","0","None","0","None","0","None","0","None","0","None","0","None"
"1_143","9","326.225","365.189","Line -Line the bottom piece of the English muffin with lettuce","False","0","None","0","None","0","None","0","None","0","None","0","None","0","None","0","None"
"1_143","5","387.862","459.155","sprinkle -sprinkle 1 tablespoon of cheese on cup","True","0","None","1","cheese is sprinkled on muffin and not in cup","0","None","0","None","1","cheese is sprinkled on muffin and not in cup","0","None","0","None","0","None"
"1_143","10","479.337","537.856","Microwave -Microwave just until cheese melts, about 10 seconds","True","1","Add cheese to another bowl","0","None","0","None","1","Add cheese to another bowl","0","None","0","None","0","None","0","None"
"1_143","6","539.9733267788879","566.03","Top -Top cup with 1 tablespoon of salsa","True","1","Add salsa to the cheese bowl instead of ramekin bowl","0","None","0","None","1","Add salsa to the cheese bowl instead of ramekin bowl","0","None","0","None","0","None","0","None"
"1_143","2","567.7536900310013","600.021","Place -Place the egg from the cup over the lettuce","False","0","None","0","None","0","None","0","None","0","None","0","None","0","None","0","None"
"1_143","7","None","None","replace -replace the top of the English muffin","True","0","None","0","None","0","None","0","None","0","None","0","None","1","Skipped this step","0","None"
"2_3","21","2.6533407117834398","82.25356206528662","Place-Place 5 meatballs in a Microwave-safe plate","False","0","None","0","None","0","None","0","None","0","None","0","None","0","None","0","None"
"2_3","14","98.17360633598726","143.28039843630575","Peel-Peel 1 garlic clove","False","0","None","0","None","0","None","0","None","0","None","0","None","0","None","0","None"
"2_3","23","161.85378341878982","321.05422612579616","Mix-Mix 1/4 cup sweet-and-sour sauce and 1/2 teaspoon soy sauce in a small bowl","False","0","None","0","None","0","None","0","None","0","None","0","None","0","None","0","None"
"2_3","17","329.0142482611465","429.8411953089171","Peel-Peel one medium onion","False","0","None","0","None","0","None","0","None","0","None","0","None","0","None","0","None"
"2_3","16","435.14787673248406","451.06792100318467","Cut-Cut 1/8 garlic clove","False","0","None","0","None","0","None","0","None","0","None","0","None","0","None","0","None"
"2_3","26","456.37460242675155","498.82805381528664","Mince-Mince 1/8 garlic clove","False","0","None","0","None","0","None","0","None","0","None","0","None","0","None","0","None"
"2_3","27","504.1347352388535","525.361460933121","cut-Cut onion into two pieces","False","0","None","0","None","0","None","0","None","0","None","0","None","0","None","0","None"
"2_3","22","533.3214830684713","665.9885186576433","Cut-Cut 1/4 medium carrot into short, thin strips","False","0","None","0","None","0","None","0","None","0","None","0","None","0","None","0","None"
"2_3","19","663.3351779458599","727.0153550286625","Slice-Slice 1/8 medium onion","False","0","None","0","None","0","None","0","None","0","None","0","None","0","None","0","None"
"2_3","24","727.0153550286624","803.9622356703823","Top-Top the plate with the carrots, onion, garlic and 1/4 tsp pepper powder","False","0","None","0","None","0","None","0","None","0","None","0","None","0","None","0","None"
"2_3","15","806.6155763821656","841.1090056353504","Pour-Pour the sauces over the meatballs","False","0","None","0","None","0","None","0","None","0","None","0","None","0","None","0","None"
"2_3","20","843","1204.6","Microwave-Microwave the plate, covered, on high for 1.5 minutes","True","0","None","0","None","0","None","1","Microwave the plate, covered, on high for 5 minutes instead of 1.5 minutes","0","None","0","None","0","None","0","None"
"2_3","18","1207.6","1219.2","Stir-Stir the contents in the microwave with a spoon","False","0","None","0","None","0","None","0","None","0","None","0","None","0","None","0","None"
"2_3","20","1228.8","1564.8","Microwave-Microwave the plate, covered, on high for 1.5 minutes","True","0","None","0","None","0","None","1","Microwave the plate, covered, on high for 5 minutes instead of 1.5 minutes","0","None","0","None","0","None","0","None"
"2_3","18","1562.8176792404458","1602.6177899171973","Stir-Stir the contents in the microwave with a spoon","False","0","None","0","None","0","None","0","None","0","None","0","None","0","None","0","None"
"2_3","25","1597.3111084936306","1653.0312634410827","Microwave-Microwave for 1 more minute","False","0","None","0","None","0","None","0","None","0","None","0","None","0","None","0","None"
"2_4","21","1.5541534506369428","50.71661603024698","Place-Place 5 meatballs in a Microwave-safe plate","False","0","None","0","None","0","None","0","None","0","None","0","None","0","None","0","None"
"2_4","14","50.949865814029366","100.30754832137032","Peel-Peel 1 garlic clove","False","0","None","0","None","0","None","0","None","0","None","0","None","0","None","0","None"
"2_4","16","103.49191493474714","125.782481228385","Cut-Cut 1/8 garlic clove","False","0","None","0","None","0","None","0","None","0","None","0","None","0","None","0","None"
"2_4","17","127.3746645350734","178.32453034910276","Peel-Peel one medium onion","False","0","None","0","None","0","None","0","None","0","None","0","None","0","None","0","None"
"2_4","22","178.3245303491028","313.6601114176183","Cut-Cut 1/4 medium carrot into short, thin strips","False","0","None","0","None","0","None","0","None","0","None","0","None","0","None","0","None"
"2_4","26","318.4366613376835","345.50377755138663","Mince-Mince 1/8 garlic clove","False","0","None","0","None","0","None","0","None","0","None","0","None","0","None","0","None"
"2_4","23","358.241244004894","445.811325872757","Mix-Mix 1/4 cup sweet-and-sour sauce and 1/2 teaspoon soy sauce in a small bowl","False","0","None","0","None","0","None","0","None","0","None","0","None","0","None","0","None"
"2_4","27","445.8113258727569","466.50970885970634","cut-Cut onion into two pieces","False","0","None","0","None","0","None","0","None","0","None","0","None","0","None","0","None"
"2_4","19","464.9175255530179","493.57682507340945","Slice-Slice 1/8 medium onion","False","0","None","0","None","0","None","0","None","0","None","0","None","0","None","0","None"
"2_4","24","493.57682507340945","562.0407072610114","Top-Top the plate with the carrots, onion, garlic and 1/4 tsp pepper powder","True","1","Put extra 1/4 tsp pepper to the bowl","0","None","0","None","0","None","0","None","0","None","0","None","0","None"
"2_4","15","560.4485239543229","577.9625403278957","Pour-Pour the sauces over the meatballs","False","0","None","0","None","0","None","0","None","0","None","0","None","0","None","0","None"
"2_4","20","582.7","757.8","Microwave-Microwave the plate, covered, on high for 1.5 minutes","False","0","None","0","None","0","None","0","None","0","None","0","None","0","None","0","None"
"2_4","18","757.8","777","Stir-Stir the contents in the microwave with a spoon","False","0","None","0","None","0","None","0","None","0","None","0","None","0","None","0","None"
"2_4","20","776.9854536639477","874.1086353719413","Microwave-Microwave the plate, covered, on high for 1.5 minutes","False","0","None","0","None","0","None","0","None","0","None","0","None","0","None","0","None"
"2_4","18","874.1086353719413","894.8070183588907","Stir-Stir the contents in the microwave with a spoon","False","0","None","0","None","0","None","0","None","0","None","0","None","0","None","0","None"
"2_4","25","893.2148350522024","971.2318170799348","Microwave-Microwave for 1 more minute","False","0","None","0","None","0","None","0","None","0","None","0","None","0","None","0","None"
"2_5","14","3.165157748407643","77.54636483598726","Peel-Peel 1 garlic clove","False","0","None","0","None","0","None","0","None","0","None","0","None","0","None","0","None"
"2_5","16","77.54636483598726","101.2850479490446","Cut-Cut 1/8 garlic clove","False","0","None","0","None","0","None","0","None","0","None","0","None","0","None","0","None"
"2_5","26","98.11989020063696","147.17983530095543","Mince-Mince 1/8 garlic clove","False","0","None","0","None","0","None","0","None","0","None","0","None","0","None","0","None"
"2_5","23","166.17078179140128","224.7262001369427","Mix-Mix 1/4 cup sweet-and-sour sauce and 1/2 teaspoon soy sauce in a small bowl","False","0","None","0","None","0","None","0","None","0","None","0","None","0","None","0","None"
"2_5","17","229.47393675955414","303.8551438471338","Peel-Peel one medium onion","False","0","None","0","None","0","None","0","None","0","None","0","None","0","None","0","None"
"2_5","21","307.0203015955414","370.3234565636942","Place-Place 5 meatballs in a Microwave-safe plate","False","0","None","0","None","0","None","0","None","0","None","0","None","0","None","0","None"
"2_5","27","368.74087768949045","382.9840875573248","cut-Cut onion into two pieces","False","0","None","0","None","0","None","0","None","0","None","0","None","0","None","0","None"
"2_5","22","398.8098762993631","485.8517143805733","Cut-Cut 1/4 medium carrot into short, thin strips","False","0","None","0","None","0","None","0","None","0","None","0","None","0","None","0","None"
"2_5","19","485.8517143805733","519.0858707388536","Slice-Slice 1/8 medium onion","False","0","None","0","None","0","None","0","None","0","None","0","None","0","None","0","None"
"2_5","24","519.0858707388535","599.7973933232485","Top-Top the plate with the carrots, onion, garlic and 1/4 tsp pepper powder","False","0","None","0","None","0","None","0","None","0","None","0","None","0","None","0","None"
"2_5","15","598.2148144490446","628.2838130589172","Pour-Pour the sauces over the meatballs","False","0","None","0","None","0","None","0","None","0","None","0","None","0","None","0","None"
"2_5","20","626.7","750.1","Microwave-Microwave the plate, covered, on high for 1.5 minutes","False","0","None","0","None","0","None","0","None","0","None","0","None","0","None","0","None"
"2_5","18","748.55","767.55","Stir-Stir the contents in the microwave with a spoon","False","0","None","0","None","0","None","0","None","0","None","0","None","0","None","0","None"
"2_5","20","769.1333328630574","878.3312751831211","Microwave-Microwave the plate, covered, on high for 1.5 minutes","False","0","None","0","None","0","None","0","None","0","None","0","None","0","None","0","None"
"2_5","18","875.1661174347134","892.5744850509554","Stir-Stir the contents in the microwave with a spoon","False","0","None","0","None","0","None","0","None","0","None","0","None","0","None","0","None"
"2_5","25","890.9919061767516","990.6943752515924","Microwave-Microwave for 1 more minute","False","0","None","0","None","0","None","0","None","0","None","0","None","0","None","0","None"
"2_8","14","4.426717021207177","84.1076234029364","Peel-Peel 1 garlic clove","False","0","None","0","None","0","None","0","None","0","None","0","None","0","None","0","None"
"2_8","16","86.32098191353998","137.2282276574225","Cut-Cut 1/8 garlic clove","False","0","None","0","None","0","None","0","None","0","None","0","None","0","None","0","None"
"2_8","17","135.0148691468189","292.16332339967374","Peel-Peel one medium onion","False","0","None","0","None","0","None","0","None","0","None","0","None","0","None","0","None"
"2_8","27","287.73660637846655","301.0167574420881","cut-Cut onion into two pieces","False","0","None","0","None","0","None","0","None","0","None","0","None","0","None","0","None"
"2_8","23","301.0167574420881","498.00566488580745","Mix-Mix 1/4 cup sweet-and-sour sauce and 1/2 teaspoon soy sauce in a small bowl","False","0","None","0","None","0","None","0","None","0","None","0","None","0","None","0","None"
"2_8","26","500.2190233964111","559.979703182708","Mince-Mince 1/8 garlic clove","False","0","None","0","None","0","None","0","None","0","None","0","None","0","None","0","None"
"2_8","22","573.2598542463296","728.1949499885808","Cut-Cut 1/4 medium carrot into short, thin strips","False","0","None","0","None","0","None","0","None","0","None","0","None","0","None","0","None"
"2_8","21","732.621667009788","792.3823467960848","Place-Place 5 meatballs in a Microwave-safe plate","False","0","None","0","None","0","None","0","None","0","None","0","None","0","None","0","None"
"2_8","19","799.0224223278957","825.5827244551388","Slice-Slice 1/8 medium onion","False","0","None","0","None","0","None","0","None","0","None","0","None","0","None","0","None"
"2_8","24","836.6495170081566","940.6773670065253","Top-Top the plate with the carrots, onion, garlic and 1/4 tsp pepper powder","False","0","None","0","None","0","None","0","None","0","None","0","None","0","None","0","None"
"2_8","15","938.4640084959217","965.0243106231649","Pour-Pour the sauces over the meatballs","False","0","None","0","None","0","None","0","None","0","None","0","None","0","None","0","None"
"2_8","20","1004.8","1117.7","Microwave-Microwave the plate, covered, on high for 1.5 minutes","False","0","None","0","None","0","None","0","None","0","None","0","None","0","None","0","None"
"2_8","18","1115.5","1153.15","Stir-Stir the contents in the microwave with a spoon","False","0","None","0","None","0","None","0","None","0","None","0","None","0","None","0","None"
"2_8","20","1153.15978402447","1257.1876340228384","Microwave-Microwave the plate, covered, on high for 1.5 minutes","False","0","None","0","None","0","None","0","None","0","None","0","None","0","None","0","None"
"2_8","18","1254.974275512235","1281.534577639478","Stir-Stir the contents in the microwave with a spoon","False","0","None","0","None","0","None","0","None","0","None","0","None","0","None","0","None"
"2_8","25","1277.1078606182707","1352.3620499787928","Microwave-Microwave for 1 more minute","False","0","None","0","None","0","None","0","None","0","None","0","None","0","None","0","None"
"2_13","17","16.884383439490446","137.18561544585987","Peel-Peel one medium onion","False","0","None","0","None","0","None","0","None","0","None","0","None","0","None","0","None"
"2_13","23","158.29109474522292","419.9990380573248","Mix-Mix 1/4 cup sweet-and-sour sauce and 1/2 teaspoon soy sauce in a small bowl","False","0","None","0","None","0","None","0","None","0","None","0","None","0","None","0","None"
"2_13","27","428.44122977707","445.32561321656067","cut-Cut onion into two pieces","False","0","None","0","None","0","None","0","None","0","None","0","None","0","None","0","None"
"2_13","14","457.9889007961783","521.3053386942674","Peel-Peel 1 garlic clove","False","0","None","0","None","0","None","0","None","0","None","0","None","0","None","0","None"
"2_13","19","517.0842428343949","582.5112286624204","Slice-Slice 1/8 medium onion","False","0","None","0","None","0","None","0","None","0","None","0","None","0","None","0","None"
"2_13","16","578.2901328025478","599.3956121019107","Cut-Cut 1/8 garlic clove","False","0","None","0","None","0","None","0","None","0","None","0","None","0","None","0","None"
"2_13","22","605.7272558917198","753.4656109872611","Cut-Cut 1/4 medium carrot into short, thin strips","False","0","None","0","None","0","None","0","None","0","None","0","None","0","None","0","None"
"2_13","26","753.4656109872611","774.5710902866242","Mince-Mince 1/8 garlic clove","False","0","None","0","None","0","None","0","None","0","None","0","None","0","None","0","None"
"2_13","21","776.6816382165605","831.5558843949044","Place-Place 5 meatballs in a Microwave-safe plate","False","0","None","0","None","0","None","0","None","0","None","0","None","0","None","0","None"
"2_13","24","827.3347885350317","903.3145140127389","Top-Top the plate with the carrots, onion, garlic and 1/4 tsp pepper powder","False","0","None","0","None","0","None","0","None","0","None","0","None","0","None","0","None"
"2_13","15","903.3145140127389","939.193828821656","Pour-Pour the sauces over the meatballs","False","0","None","0","None","0","None","0","None","0","None","0","None","0","None","0","None"
"2_13","20","937","1053.1","Microwave-Microwave the plate, covered, on high for 1.5 minutes","False","0","None","0","None","0","None","0","None","0","None","0","None","0","None","0","None"
"2_13","18","1053","1084","Stir-Stir the contents in the microwave with a spoon","False","0","None","0","None","0","None","0","None","0","None","0","None","0","None","0","None"
"2_13","20","1078.4899921974522","1186.1279366242038","Microwave-Microwave the plate, covered, on high for 1.5 minutes","False","0","None","0","None","0","None","0","None","0","None","0","None","0","None","0","None"
"2_13","18","1186.1279366242038","1222.0072514331212","Stir-Stir the contents in the microwave with a spoon","False","0","None","0","None","0","None","0","None","0","None","0","None","0","None","0","None"
"2_13","25","1219.8967035031847","1308.5397165605095","Microwave-Microwave for 1 more minute","False","0","None","0","None","0","None","0","None","0","None","0","None","0","None","0","None"
"2_17","14","6.268","117.613","Peel-Peel 1 garlic clove","False","0","None","0","None","0","None","0","None","0","None","0","None","0","None","0","None"
"2_17","22","118.219","321.394","Cut-Cut 1/4 medium carrot into short, thin strips","False","0","None","0","None","0","None","0","None","0","None","0","None","0","None","0","None"
"2_17","17","322.295","400.20799999999997","Peel-Peel one medium onion","False","0","None","0","None","0","None","0","None","0","None","0","None","0","None","0","None"
"2_17","16","401.027","442.446","Cut-Cut 1/8 garlic clove","False","0","None","0","None","0","None","0","None","0","None","0","None","0","None","0","None"
"2_17","27","449.196","462.584","cut-Cut onion into two pieces","False","0","None","0","None","0","None","0","None","0","None","0","None","0","None","0","None"
"2_17","21","464.21500000000003","516.434","Place-Place 5 meatballs in a Microwave-safe plate","False","0","None","0","None","0","None","0","None","0","None","0","None","0","None","0","None"
"2_17","26","521.222","564.654","Mince-Mince 1/8 garlic clove","False","0","None","0","None","0","None","0","None","0","None","0","None","0","None","0","None"
"2_17","19","567.203","615.51","Slice-Slice 1/8 medium onion","False","0","None","0","None","0","None","0","None","0","None","0","None","0","None","0","None"
"2_17","24","620.685","716.504","Top-Top the plate with the carrots, onion, garlic and 1/4 tsp pepper powder","False","0","None","0","None","0","None","0","None","0","None","0","None","0","None","0","None"
"2_17","23","723.36","885.517","Mix-Mix 1/4 cup sweet-and-sour sauce and 1/2 teaspoon soy sauce in a small bowl","False","0","None","0","None","0","None","0","None","0","None","0","None","0","None","0","None"
"2_17","15","886.205","912.236","Pour-Pour the sauces over the meatballs","False","0","None","0","None","0","None","0","None","0","None","0","None","0","None","0","None"
"2_17","20","917","1029.8","Microwave-Microwave the plate, covered, on high for 1.5 minutes","False","0","None","0","None","0","None","0","None","0","None","0","None","0","None","0","None"
"2_17","18","1030","1064","Stir-Stir the contents in the microwave with a spoon","False","0","None","0","None","0","None","0","None","0","None","0","None","0","None","0","None"
"2_17","20","1065.299","1168.975","Microwave-Microwave the plate, covered, on high for 1.5 minutes","False","0","None","0","None","0","None","0","None","0","None","0","None","0","None","0","None"
"2_17","18","1169.3","1198.213","Stir-Stir the contents in the microwave with a spoon","False","0","None","0","None","0","None","0","None","0","None","0","None","0","None","0","None"
"2_17","25","1198.65","1288.257","Microwave-Microwave for 1 more minute","False","0","None","0","None","0","None","0","None","0","None","0","None","0","None","0","None"
"2_19","17","3.5158265382165603","93.16940326273885","Peel-Peel one medium onion","False","0","None","0","None","0","None","0","None","0","None","0","None","0","None","0","None"
"2_19","23","107.23270941560509","237.3182913296178","Mix-Mix 1/4 cup sweet-and-sour sauce and 1/2 teaspoon soy sauce in a small bowl","False","0","None","0","None","0","None","0","None","0","None","0","None","0","None","0","None"
"2_19","14","240.83411786783438","277.75029651910825","Peel-Peel 1 garlic clove","False","0","None","0","None","0","None","0","None","0","None","0","None","0","None","0","None"
"2_19","27","283.0240363264331","305.87690882484077","cut-Cut onion into two pieces","False","0","None","0","None","0","None","0","None","0","None","0","None","0","None","0","None"
"2_19","22","312.9085619012739","483.42614900477713","Cut-Cut 1/4 medium carrot into short, thin strips","False","0","None","0","None","0","None","0","None","0","None","0","None","0","None","0","None"
"2_19","21","485.18406227388533","536.1635470780254","Place-Place 5 meatballs in a Microwave-safe plate","False","0","None","0","None","0","None","0","None","0","None","0","None","0","None","0","None"
"2_19","19","543.1952001544586","592.4167716894904","Slice-Slice 1/8 medium onion","False","0","None","0","None","0","None","0","None","0","None","0","None","0","None","0","None"
"2_19","16","592.4167716894905","608.237991111465","Cut-Cut 1/8 garlic clove","False","0","None","0","None","0","None","0","None","0","None","0","None","0","None","0","None"
"2_19","26","609.9959043805733","643.3962564936305","Mince-Mince 1/8 garlic clove","False","0","None","0","None","0","None","0","None","0","None","0","None","0","None","0","None"
"2_19","24","646.912083031847","704.9232209124203","Top-Top the plate with the carrots, onion, garlic and 1/4 tsp pepper powder","False","0","None","0","None","0","None","0","None","0","None","0","None","0","None","0","None"
"2_19","15","703.1653076433121","717.2286137961783","Pour-Pour the sauces over the meatballs","False","0","None","0","None","0","None","0","None","0","None","0","None","0","None","0","None"
"2_19","20","748.9","854.3","Microwave-Microwave the plate, covered, on high for 1.5 minutes","False","0","None","0","None","0","None","0","None","0","None","0","None","0","None","0","None"
"2_19","18","856.1","885.988","Stir-Stir the contents in the microwave with a spoon","False","0","None","0","None","0","None","0","None","0","None","0","None","0","None","0","None"
"2_19","20","889.5041141687898","1000.2526501226115","Microwave-Microwave the plate, covered, on high for 1.5 minutes","False","0","None","0","None","0","None","0","None","0","None","0","None","0","None","0","None"
"2_19","18","998.4947368535031","1014.3159562754777","Stir-Stir the contents in the microwave with a spoon","False","0","None","0","None","0","None","0","None","0","None","0","None","0","None","0","None"
"2_19","25","1012.5580430063694","1082.8745737707006","Microwave-Microwave for 1 more minute","False","0","None","0","None","0","None","0","None","0","None","0","None","0","None","0","None"
"2_22","22","8.446428458745787","106.18367205280538","Cut-Cut 1/4 medium carrot into short, thin strips","False","0","None","0","None","0","None","0","None","0","None","0","None","0","None","0","None"
"2_22","14","108.59693732673267","150.82907962046204","Peel-Peel 1 garlic clove","False","0","None","0","None","0","None","0","None","0","None","0","None","0","None","0","None"
"2_22","16","149.62244698349835","162.89540599009908","Cut-Cut 1/8 garlic clove","False","0","None","0","None","0","None","0","None","0","None","0","None","0","None","0","None"
"2_22","26","160.4821407161716","184.61479345544558","Mince-Mince 1/8 garlic clove","False","0","None","0","None","0","None","0","None","0","None","0","None","0","None","0","None"
"2_22","17","187.02805872937293","252.18622112541254","Peel-Peel one medium onion","False","0","None","0","None","0","None","0","None","0","None","0","None","0","None","0","None"
"2_22","23","266.6658127689769","403.0153007458745","Mix-Mix 1/4 cup sweet-and-sour sauce and 1/2 teaspoon soy sauce in a small bowl","False","0","None","0","None","0","None","0","None","0","None","0","None","0","None","0","None"
"2_22","27","405.42856601980196","427.14795348514843","cut-Cut onion into two pieces","False","0","None","0","None","0","None","0","None","0","None","0","None","0","None","0","None"
"2_22","19","427.1479534851485","458.5204020462046","Slice-Slice 1/8 medium onion","False","0","None","0","None","0","None","0","None","0","None","0","None","0","None","0","None"
"2_22","21","460.93366732013203","495.9260137920792","Place-Place 5 meatballs in a Microwave-safe plate","False","0","None","0","None","0","None","0","None","0","None","0","None","0","None","0","None"
"2_22","24","534.5382581749175","608.1428490297029","Top-Top the plate with the carrots, onion, garlic and 1/4 tsp pepper powder","False","0","None","0","None","0","None","0","None","0","None","0","None","0","None","0","None"
"2_22","15","611.762746940594","639.5152975907589","Pour-Pour the sauces over the meatballs","False","0","None","0","None","0","None","0","None","0","None","0","None","0","None","0","None"
"2_22","20","644.3","783.1","Microwave-Microwave the plate, covered, on high for 1.5 minutes","False","0","None","0","None","0","None","0","None","0","None","0","None","0","None","0","None"
"2_22","18","783.1","808.44","Stir-Stir the contents in the microwave with a spoon","False","0","None","0","None","0","None","0","None","0","None","0","None","0","None","0","None"
"2_22","20","806.0306014917492","912.2142735445544","Microwave-Microwave the plate, covered, on high for 1.5 minutes","False","0","None","0","None","0","None","0","None","0","None","0","None","0","None","0","None"
"2_22","18","909.801008270627","937.5535589207919","Stir-Stir the contents in the microwave with a spoon","False","0","None","0","None","0","None","0","None","0","None","0","None","0","None","0","None"
"2_22","25","938.7601915577557","1029.257639330033","Microwave-Microwave for 1 more minute","False","0","None","0","None","0","None","0","None","0","None","0","None","0","None","0","None"
"2_26","14","8.065169636942676","62.50506468630573","Peel-Peel 1 garlic clove","True","0","None","0","None","0","None","0","None","1","Not properly peeling the garlic clove.","0","None","0","None","0","None"
"2_26","17","62.505064686305744","173.40114719426754","Peel-Peel one medium onion","False","0","None","0","None","0","None","0","None","0","None","0","None","0","None","0","None"
"2_26","16","177.43373201273886","215.74328778821658","Cut-Cut 1/8 garlic clove","True","0","None","1","Using 1/2 garlic instead of 1/8 garlic.","0","None","0","None","0","None","0","None","0","None","0","None"
"2_26","26","217.7595801974522","260.10172079140136","Mince-Mince 1/8 garlic clove","True","0","None","1","Using 1/2 garlic clove instead of 1/8.","0","None","0","None","0","None","0","None","0","None","0","None"
"2_26","22","266.1505980191083","397.2096046194268","Cut-Cut 1/4 medium carrot into short, thin strips","True","0","None","0","None","0","None","0","None","1","Cutting into long instead of short.","0","None","0","None","0","None"
"2_26","21","445.6006224410828","493.9916402627388","Place-Place 5 meatballs in a Microwave-safe plate","True","0","None","1","Using 6 meatballs instead of 5 meatballs.","0","None","0","None","0","None","0","None","0","None","0","None"
"2_26","27","496.0079326719746","524.236026401274","cut-Cut onion into two pieces","True","0","None","1","Cutting into 4 pieces instead of two.","0","None","0","None","0","None","0","None","0","None","0","None"
"2_26","19","520.2034415828026","584.7247986783441","Slice-Slice 1/8 medium onion","True","0","None","1","Slicing 1/4 onion instead of 1/8 onion.","0","None","0","None","0","None","0","None","0","None","0","None"
"2_26","23","619.0017696353505","762.158530691083","Mix-Mix 1/4 cup sweet-and-sour sauce and 1/2 teaspoon soy sauce in a small bowl","True","0","None","1","Spill soy sauce while measuring.","0","None","0","None","1","Spill soy sauce while measuring.","0","None","0","None","0","None"
"2_26","15","764.1748231003186","834.7450574235671","Pour-Pour the sauces over the meatballs","True","0","None","0","None","0","None","0","None","1","Instead of pouring sauces over meatballs, put the meatballs into the sauces.","0","None","0","None","0","None"
"2_26","20","830.71","963.7","Microwave-Microwave the plate, covered, on high for 1.5 minutes","True","1","Microwave the plate uncovered without covering it.","0","None","0","None","0","None","0","None","0","None","0","None","0","None"
"2_26","18","961.7","992","Stir-Stir the contents in the microwave with a spoon","True","1","Using a fork instead of a spoon.","0","None","0","None","0","None","0","None","0","None","0","None","0","None"
"2_26","20","987.9832805254779","1110.9771174888538","Microwave-Microwave the plate, covered, on high for 1.5 minutes","True","0","None","0","None","0","None","0","None","0","None","1","Instead of high power level we microwave on a medium power level.","0","None","0","None"
"2_26","25","1108.960825079618","1177.514766993631","Microwave-Microwave for 1.5 minutes","True","0","None","0","None","0","None","1","Microwave for more than a minute.","0","None","0","None","0","None","0","None"
"2_26","24","None","None","Top-Top the plate with the carrots, onion, garlic and 1/4 tsp pepper powder","True","0","None","0","None","0","None","0","None","0","None","0","None","1","Skipped this step","0","None"
"2_26","18","961.7714792054142","992.0158653439491","Stir-Stir the contents in the microwave with a spoon","True","1","Using a fork instead of a spoon.","0","None","0","None","0","None","0","None","0","None","0","None","0","None"
"2_28","17","10.481808917197451","40.18026751592356","Peel-Peel one medium onion","True","0","None","0","None","0","None","0","None","1","Not properly peeling the onion.","0","None","0","None","0","None"
"2_28","19","41.927235668789805","190.41952866242036","Slice-Slice 1/8 medium onion","True","0","None","1","Using 1/4 medium onion instead of 1/8.","0","None","0","None","0","None","0","None","0","None","0","None"
"2_28","22","234.0937324840764","310.9603312101911","Cut-Cut 1/4 medium carrot into short, thin strips","True","0","None","0","None","0","None","0","None","1","Cutting the carrot into long and thick strips.","0","None","0","None","0","None"
"2_28","14","316.2012356687898","363.36937579617836","Peel-Peel 1 garlic clove","False","0","None","0","None","0","None","0","None","0","None","0","None","0","None","0","None"
"2_28","23","396.5617707006369","511.86166878980896","Mix-Mix 1/4 cup sweet-and-sour sauce and 1/2 teaspoon soy sauce in a small bowl","True","0","None","1","Using 1 teaspoon instead of 1/2 teaspoon.","0","None","0","None","0","None","0","None","0","None","0","None"
"2_28","21","517.1025732484077","569.5116178343949","Place-Place 5 meatballs in a Microwave-safe plate","True","0","None","1","Place only 4 instead of 5.","0","None","0","None","0","None","0","None","0","None","0","None"
"2_28","26","582","640","Mince-Mince 1/8 garlic clove","False","0","None","0","None","0","None","0","None","0","None","0","None","0","None","0","None"
"2_28","24","651.6191210191083","745.9554012738854","Top-Top the plate with the carrots, onion, garlic and 1/4 tsp pepper powder","True","0","None","1","using 1/2 tsp instead of 1/4 tsp.","0","None","0","None","0","None","0","None","0","None","0","None"
"2_28","15","749.4493375796179","829.809872611465","Pour-Pour the sauces over the meatballs","True","1","Spill some while pouring the sauces.","0","None","0","None","0","None","0","None","0","None","0","None","0","None"
"2_28","20","831.6","973.8","Microwave-Microwave the plate, covered, on high for 1.5 minutes","True","1","Not covered the plate.","0","None","0","None","1","Not covered the plate.","0","None","0","None","0","None","0","None"
"2_28","18","975","989.4","Stir-Stir the contents in the microwave with a spoon","False","0","None","0","None","0","None","0","None","0","None","0","None","0","None","0","None"
"2_28","25","1014.9884968152867","1090.108127388535","Microwave-Microwave for 1 more minute","False","0","None","0","None","0","None","0","None","0","None","0","None","0","None","0","None"
"2_28","16","564.6","624.6","Cut-Cut 1/8 garlic clove","False","0","None","0","None","0","None","0","None","0","None","0","None","0","None","0","None"
"2_28","27","69","75","cut-Cut onion into two pieces","False","0","None","0","None","0","None","0","None","0","None","0","None","0","None","0","None"
"2_28","20","831.5568407643312","987.0370063694268","Microwave-Microwave the plate, covered, on high for 1.5 minutes","False","0","None","0","None","0","None","0","None","0","None","0","None","0","None","0","None"
"2_28","18","983.5430700636942","1014.9884968152866","Stir-Stir the contents in the microwave with a spoon","False","0","None","0","None","0","None","0","None","0","None","0","None","0","None","0","None"
"2_30","17","16.00718015764331","54.61273230254777","Peel-Peel one medium onion","True","0","None","0","None","0","None","0","None","1","Peel improperly","0","None","0","None","0","None"
"2_30","21","57.43752880095542","88.51029028343949","Place-Place 5 meatballs in a Microwave-safe plate","True","0","None","1","Pouring many balls, more than 5","0","None","0","None","0","None","0","None","0","None","0","None"
"2_30","14","90.39348794904458","106.4006681066879","Peel-Peel 1 garlic clove","False","0","None","0","None","0","None","0","None","0","None","0","None","0","None","0","None"
"2_30","27","109.22546460509554","124.2910459299363","cut-Cut onion into two pieces","False","0","None","0","None","0","None","0","None","0","None","0","None","0","None","0","None"
"2_30","23","144.0646214187898","196.79415605573251","Mix-Mix 1/4 cup sweet-and-sour sauce and 1/2 teaspoon soy sauce in a small bowl","True","1","1/2 tsp used is soiled","0","None","0","None","0","None","0","None","0","None","0","None","0","None"
"2_30","19","198.67735372133757","216.56773154458597","Slice-Slice 1/8 medium onion","False","0","None","0","None","0","None","0","None","0","None","0","None","0","None","0","None"
"2_30","16","215.6261327117834","229.75011520382162","Cut-Cut 1/8 garlic clove","True","0","None","1","Slice garlic clove","0","None","0","None","1","Slice garlic clove","0","None","0","None","0","None"
"2_30","22","231.63331286942676","275.8884580111465","Cut-Cut 1/4 medium carrot into short, thin strips","True","0","None","0","None","0","None","0","None","1","Not thin","0","None","0","None","0","None"
"2_30","26","287.18764400477704","304.1364229952229","Mince-Mince 1/8 garlic clove","True","0","None","1","Likely chopping","0","None","0","None","1","Likely chopping","0","None","0","None","0","None"
"2_30","24","306.0196206608281","337.09238214331214","Top-Top the plate with the carrots, onion, garlic and 1/4 tsp pepper powder","True","0","None","1","Seasoning pepper on top, no measuring","0","None","0","None","1","Seasoning pepper on top, no measuring","0","None","0","None","0","None"
"2_30","15","337.09238214331214","349.33316696974526","Pour-Pour the sauces over the meatballs","False","0","None","0","None","0","None","0","None","0","None","0","None","0","None","0","None"
"2_30","20","348","422","Microwave-Microwave the plate, covered, on high for 1.5 minutes","True","0","None","0","None","0","None","1","1 min","0","None","0","None","0","None","0","None"
"2_30","20","420.89467826273886","490.5729918901274","Microwave-Microwave the plate, covered, on high for 1.5 minutes","True","0","None","0","None","0","None","1","1 min","0","None","0","None","0","None","0","None"
"2_30","25","488.68979422452236","558.3681078519107","Microwave-Microwave for 1 more minute","False","0","None","0","None","0","None","0","None","0","None","0","None","0","None","0","None"
"2_30","18","None","None","Stir-Stir the contents in the microwave with a spoon","True","0","None","0","None","0","None","0","None","0","None","0","None","1","Skipped this step","0","None"
"2_30","18","None","None","Stir-Stir the contents in the microwave with a spoon","True","0","None","0","None","0","None","0","None","0","None","0","None","1","Skipped this step","0","None"
"2_38","14","23.230053980891718","65.46651576433119","Peel-Peel 1 garlic clove","False","0","None","0","None","0","None","0","None","0","None","0","None","0","None","0","None"
"2_38","17","61.24286958598725","137.26850079617833","Peel-Peel one medium onion","False","0","None","0","None","0","None","0","None","0","None","0","None","0","None","0","None"
"2_38","16","149.93943933121017","171.05767022292997","Cut-Cut 1/8 garlic clove","True","0","None","1","Cut 1/2 garlic clove instead of 1/8 garlic clove.","0","None","0","None","0","None","0","None","0","None","0","None"
"2_38","26","166.83402404458596","209.07048582802548","Mince-Mince 1/8 garlic clove","False","0","None","0","None","0","None","0","None","0","None","0","None","0","None","0","None"
"2_38","22","215.4059550955414","420.25279474522296","Cut-Cut 1/4 medium carrot into short, thin strips","True","0","None","1","Not taking the 1/4 medium carrot.","0","None","0","None","1","Not taking the 1/4 medium carrot.","0","None","0","None","0","None"
"2_38","27","424.4764409235668","475.1601950636944","cut-Cut onion into two pieces","False","0","None","0","None","0","None","0","None","0","None","0","None","0","None","0","None"
"2_38","19","475.1601950636942","540.6267108280256","Slice-Slice 1/8 medium onion","True","0","None","0","None","0","None","0","None","1","Instead of slicing chopping the onion.","0","None","0","None","0","None"
"2_38","21","546.9621800955415","612.4286958598727","Place-Place 5 meatballs in a Microwave-safe plate","True","0","None","1","Placing 6 meatballs instead of 5.","0","None","0","None","0","None","0","None","0","None","0","None"
"2_38","24","627.2114574840764","728.5789657643312","Top-Top the plate with the carrots, onion, garlic and 1/4 tsp pepper powder","True","0","None","1","Using the 1/2 tsp instead of 1/4 tsp.","0","None","0","None","0","None","0","None","0","None","0","None"
"2_38","20","737","1092","Microwave-Microwave the plate, covered, on high for 1.5 minutes","True","1","Not using the microwave cover to cover the contents.","0","None","0","None","0","None","0","None","1","Not using the microwave cover to cover the contents.","0","None","0","None"
"2_38","20","1091.812537101911","1298.7711998407642","Microwave-Microwave the plate, covered, on high for 1.5 minutes","True","1","Not using the microwave cover to cover the contents.","0","None","0","None","1","Not using the microwave cover to cover the contents.","0","None","0","None","0","None","0","None"
"2_38","18","1281","1323.6","Stir-Stir the contents in the microwave with a spoon","False","0","None","0","None","0","None","0","None","0","None","0","None","0","None","0","None"
"2_38","23","None","None","Mix-Mix 1/4 cup sweet-and-sour sauce and 1/2 teaspoon soy sauce in a small bowl","True","0","None","0","None","0","None","0","None","0","None","0","None","1","Skipped this step","0","None"
"2_38","18","None","None","Stir-Stir the contents in the microwave with a spoon","True","0","None","0","None","0","None","0","None","0","None","0","None","1","Skipped this step","0","None"
"2_38","25","None","None","Microwave-Microwave for 1 more minute","True","0","None","0","None","0","None","0","None","0","None","0","None","1","Skipped this step","0","None"
"2_38","15","None","None","Pour-Pour the sauces over the meatballs","True","0","None","0","None","0","None","0","None","0","None","0","None","1","Skipped this step","0","None"
"2_41","22","30","90.6","Cut-Cut 1/4 medium carrot into short, thin strips","True","0","None","1","use 1/2 medium carrot instead of 1/4 medium carrot","0","None","0","None","1","use 1/2 medium carrot instead of 1/4 medium carrot","0","None","0","None","0","None"
"2_41","17","131.92510544904457","197.88765817356676","Peel-Peel one medium onion","True","0","None","0","None","0","None","0","None","1","Peel-Peel one medium onion improperly","0","None","0","None","0","None"
"2_41","27","195.88879293949043","241.86269332324844","cut-Cut onion into two pieces","True","0","None","0","None","0","None","0","None","1","cut-Cut onion into two pieces one large and one small","0","None","0","None","0","None"
"2_41","19","237.86496285509554","281.83999800477704","Slice-Slice 1/8 medium onion","True","0","None","1","Chop 1/2 onion instead of 1/8th","0","None","0","None","1","Chop 1/2 onion instead of 1/8th","0","None","0","None","0","None"
"2_41","14","283.8388632388535","323.8161679203821","Peel-Peel 1 garlic clove","True","0","None","0","None","0","None","0","None","1","Peel-Peel garlic clove improperly","0","None","0","None","0","None"
"2_41","16","319.8184374522292","347.03528677841615","Cut-Cut 1/8 garlic clove","True","0","None","1","Cut 1 garlic clove","0","None","0","None","0","None","0","None","0","None","0","None"
"2_41","26","346.3633723856392","380.18905200499984","Mince-Mince 1/8 garlic clove","True","0","None","1","Mince 1 garlic clove","0","None","0","None","0","None","0","None","0","None","0","None"
"2_41","23","399.7730468152866","491.7208475828025","Mix-Mix 1/4 cup sweet-and-sour sauce and 1/2 teaspoon soy sauce in a small bowl","True","0","None","1","Mix-Mix 1/2 cup sweet-and-sour sauce and 1/2 cup soy sauce in a small bowl","0","None","0","None","0","None","0","None","0","None","0","None"
"2_41","24","501","514.6","Top-Top the plate with the carrots, onion, garlic and 1/4 tsp pepper powder","True","0","None","0","None","1","Step performed before adding meat balls","0","None","0","None","0","None","0","None","0","None"
"2_41","15","493.71971281687894","539.693613200637","Pour-Pour the sauces over the meatballs","True","0","None","0","None","1","Pouring sauces before placing meatballs","0","None","0","None","0","None","0","None","0","None"
"2_41","21","577.6720526480891","621.6470877977707","Place-Place 5 meatballs in a Microwave-safe plate","True","0","None","0","None","1","Place meat balls after the sauces are poured and topped with vegetables","0","None","0","None","0","None","0","None","0","None"
"2_41","24","636","651","Top-Top the plate with the carrots, onion, garlic and 1/4 tsp pepper powder","True","0","None","0","None","1","Adding pepper powder after pouring sauces on the plate","0","None","0","None","0","None","0","None","0","None"
"2_41","20","677.71","925.4","Microwave-Microwave the plate, covered, on high for 1.5 minutes","True","1","Microwave without covering the plate","0","None","0","None","1","Microwave without covering the plate","0","None","0","None","0","None","0","None"
"2_41","18","928","956","Stir-Stir the contents in the microwave with a spoon","False","0","None","0","None","0","None","0","None","0","None","0","None","0","None","0","None"
"2_41","20","977.4450994633758","1053.6","Microwave-Microwave the plate, covered, on high for 1.5 minutes","False","0","None","0","None","0","None","0","None","0","None","0","None","0","None","0","None"
"2_41","18","1084","1100","Stir-Stir the contents in the microwave with a spoon","False","0","None","0","None","0","None","0","None","0","None","0","None","0","None","0","None"
"2_41","25","1097.4","1222.2","Microwave-Microwave for 1 more minute","True","0","None","0","None","0","None","1","Microwave-Microwave for 2 minutes instead of 1 min","0","None","0","None","0","None","0","None"
"2_42","14","5.910681845541401","68.95795486464968","Peel-Peel 1 garlic clove","False","0","None","0","None","0","None","0","None","0","None","0","None","0","None","0","None"
"2_42","23","86.69000040127389","242.33795566719743","Mix-Mix 1/4 cup sweet-and-sour sauce and 1/2 teaspoon soy sauce in a small bowl","True","0","None","1","1/2 tablespoon soy sauce instead of 1/2 tsp soy sauce","0","None","0","None","0","None","0","None","0","None","0","None"
"2_42","21","248.24863751273887","321.1470469410828","Place-Place 5 meatballs in a Microwave-safe plate","True","1","Using bowl instead of plate","0","None","0","None","0","None","0","None","0","None","0","None","0","None"
"2_42","20","378","490","Microwave-Microwave the plate, covered, on high for 1.5 minutes","True","0","None","0","None","1","Microwave before adding vegetables and sauces","1","Microwave before adding vegetables and sauces","0","None","0","None","0","None","0","None"
"2_42","22","506.34841143471334","626.5322756273886","Cut-Cut 1/4 medium carrot into short, thin strips","False","0","None","0","None","0","None","0","None","0","None","0","None","0","None","0","None"
"2_42","17","632.44295747293","669.8772758280255","Peel-Peel one medium onion","False","0","None","0","None","0","None","0","None","0","None","0","None","0","None","0","None"
"2_42","27","671.8475031098726","691.549775928344","cut-Cut onion into two pieces","False","0","None","0","None","0","None","0","None","0","None","0","None","0","None","0","None"
"2_42","19","691.5497759283439","728.9840942834396","Slice-Slice 1/8 medium onion","True","0","None","0","None","0","None","0","None","1","chop instead of slice","0","None","0","None","0","None"
"2_42","16","728.9840942834396","746","Cut-Cut 1/8 garlic clove","False","0","None","0","None","0","None","0","None","0","None","0","None","0","None","0","None"
"2_42","26","746.5","770.3588672022292","Mince-Mince 1/8 garlic clove","False","0","None","0","None","0","None","0","None","0","None","0","None","0","None","0","None"
"2_42","24","776.2695490477706","868.870231294586","Top-Top the plate with the carrots, onion, garlic and 1/4 tsp pepper powder","True","0","None","0","None","1","Top meatballs after microwaving","0","None","0","None","0","None","0","None","0","None"
"2_42","18","866.9","888.57","Stir-Stir the contents in the microwave with a spoon","True","0","None","0","None","1","Stirring before adding sauces","0","None","0","None","0","None","0","None","0","None"
"2_42","20","882.661822267516","945.7090952866243","Microwave-Microwave the plate, covered, on high for 1.5 minutes","True","0","None","0","None","1","Step performed before correct order","0","None","0","None","0","None","0","None","0","None"
"2_42","15","941.7686407229298","956","Pour-Pour the sauces over the meatballs","True","0","None","0","None","1","Step performed after microwaving and stirring","0","None","0","None","0","None","0","None","0","None"
"2_42","18","957","972","Stir-Stir the contents in the microwave with a spoon","False","0","None","0","None","0","None","0","None","0","None","0","None","0","None","0","None"
"2_42","25","979","1085","Microwave-Microwave for 1 more minute","True","0","None","0","None","0","None","1","Microwave for 1.5 mins instead of 1 min","0","None","0","None","0","None","0","None"
"2_42","18","1085.5952322977707","1107.267732398089","Stir-Stir the contents in the microwave with a spoon","False","0","None","0","None","0","None","0","None","0","None","0","None","0","None","0","None"
"2_42","25","1099.3868232707007","1227.4515965907642","Microwave-Microwave for 1 more minute","True","0","None","0","None","0","None","1","Microwave for 1.5 mins instead of 1 min","0","None","0","None","0","None","0","None"
"2_46","17","20.322265880573248","70.59313411146498","Peel-Peel one medium onion","False","0","None","0","None","0","None","0","None","0","None","0","None","0","None","0","None"
"2_46","14","71","90","Peel-Peel 1 garlic clove","True","0","None","0","None","0","None","0","None","1","Peeled the garlic improperly","0","None","0","None","0","None"
"2_46","16","94.12417881528664","109.0984799904459","Cut-Cut 1/8 garlic clove","True","0","None","1","Cut 1/2 garlic clove","0","None","0","None","0","None","0","None","0","None","0","None"
"2_46","23","130.4903388121019","202.15306586464968","Mix-Mix 1/4 cup sweet-and-sour sauce and 1/2 teaspoon soy sauce in a small bowl","False","0","None","0","None","0","None","0","None","0","None","0","None","0","None","0","None"
"2_46","20","221.4","294.3","Microwave-Microwave the plate, covered, on high for 1.5 minutes","True","0","None","0","None","1","Microwave empty bowl without meatballs, sauces and vegetables","1","Microwave empty bowl without meatballs, sauces and vegetables","0","None","0","None","0","None","0","None"
"2_46","26","244.93678350796182","268.4678282117835","Mince-Mince 1/8 garlic clove","False","0","None","0","None","0","None","0","None","0","None","0","None","0","None","0","None"
"2_46","18","293.48","300.7","Stir-Stir the contents in the microwave with a spoon","True","0","None","0","None","1","Stirring the contents without adding meatballs, sauces and vegetables","0","None","0","None","0","None","0","None","0","None"
"2_46","22","341.20014820541405","404.3061317292994","Cut-Cut 1/4 medium carrot into short, thin strips","True","0","None","1","Took a large carrot instead of a medium carrot","0","None","0","None","0","None","0","None","0","None","0","None"
"2_46","27","411.793282316879","421.4196187866242","cut-Cut onion into two pieces","False","0","None","0","None","0","None","0","None","0","None","0","None","0","None","0","None"
"2_46","19","420.35002584554144","447.0898493726115","Slice-Slice 1/8 medium onion","False","0","None","0","None","0","None","0","None","0","None","0","None","0","None","0","None"
"2_46","24","449.2290352547771","516.6133905429937","Top-Top the plate with the carrots, onion, garlic and 1/4 tsp pepper powder","True","0","None","0","None","1","Topping after microwaving","0","None","0","None","0","None","0","None","0","None"
"2_46","20","516.6133905429937","586.1369317133758","Microwave-Microwave the plate, covered, on high for 1.5 minutes","True","0","None","0","None","0","None","1","Microwave for 1 min instead of 1.5 mins","0","None","0","None","0","None","0","None"
"2_46","18","659","668","Stir-Stir the contents in the microwave with a spoon","False","0","None","0","None","0","None","0","None","0","None","0","None","0","None","0","None"
"2_46","25","None","None","Microwave-Microwave for 1 more minute","True","0","None","0","None","0","None","0","None","0","None","0","None","1","Skipped this step","0","None"
"2_46","21","None","None","Place-Place 5 meatballs in a Microwave-safe plate","True","0","None","0","None","0","None","0","None","0","None","0","None","1","Skipped this step","0","None"
"2_46","15","None","None","Pour-Pour the sauces over the meatballs","True","0","None","0","None","0","None","0","None","0","None","0","None","1","Skipped this step","0","None"
"2_47","14","18.650904039808914","120.38310789331211","Peel-Peel 1 garlic clove","True","0","None","1","Peeled 2 instead of 1 garlic clove","0","None","0","None","0","None","0","None","0","None","0","None"
"2_47","17","118.68757116242038","178.0313567436306","Peel-Peel one medium onion","False","0","None","0","None","0","None","0","None","0","None","0","None","0","None","0","None"
"2_47","27","176.33582001273885","191.5956505907643","cut-Cut onion into two pieces","True","0","None","1","cut into 4 pieces","0","None","0","None","0","None","0","None","0","None","0","None"
"2_47","19","189.6","207.6","Slice-Slice 1/8 medium onion","True","0","None","0","None","0","None","0","None","1","Chop instead of slice","0","None","0","None","0","None"
"2_47","22","239.07067905573248","279.76356059713373","Cut-Cut 1/4 medium carrot into short, thin strips","True","0","None","0","None","0","None","0","None","1","Carrot is not cut into thin strips","0","None","0","None","0","None"
"2_47","21","281.45909732802545","320.456442138535","Place-Place 5 meatballs in a Microwave-safe plate","True","0","None","1","3 meatballs instead of 5 meatballs","0","None","0","None","0","None","0","None","0","None","0","None"
"2_47","20","313.2","509.4","Microwave-Microwave the plate, covered, on high for 1.5 minutes","True","0","None","0","None","1","Microwaving before adding vegatables and sauces","1","Microwaving before adding vegatables and sauces","0","None","1","Microwaving before adding vegatables and sauces","0","None","0","None"
"2_47","18","547.65","569.7","Stir-Stir the contents in the microwave with a spoon","True","0","None","0","None","1","Stirring before adding vegetables and sauces","0","None","0","None","0","None","0","None","0","None"
"2_47","16","576.4824885031848","593.4378558121019","Cut-Cut 1/8 garlic clove","True","0","None","1","Cut 1/2 instead of 1/8 garlic clove","0","None","0","None","0","None","0","None","0","None","0","None"
"2_47","23","596.8289292738854","715.5165004363057","Mix-Mix 1/4 cup sweet-and-sour sauce and 1/2 teaspoon soy sauce in a small bowl","True","0","None","0","None","1","Preparing the mixture after microwaving the meatballs","0","None","0","None","0","None","0","None","0","None"
"2_47","26","717.2120371671974","746.0361615923566","Mince-Mince 1/8 garlic clove","True","0","None","0","None","0","None","0","None","1","Chop instead of mince","0","None","0","None","0","None"
"2_47","15","747.7316983232485","786.729043133758","Pour-Pour the sauces over the meatballs","True","0","None","0","None","1","Dropping one meatball from the plate while pouring the sauces","0","None","1","Dropping one meatball from the plate while pouring the sauces","0","None","0","None","0","None"
"2_47","24","790.1201165955413","851.1594389076433","Top-Top the plate with the carrots, onion, garlic and 1/4 tsp pepper powder","True","0","None","0","None","1","Step performed after microwaving meatballs and pouring the sauces","0","None","0","None","0","None","0","None","0","None"
"2_47","20","854.5505123694268","947.8050325684715","Microwave-Microwave the plate, covered, on high for 1.5 minutes","True","0","None","0","None","0","None","1","Microwaving for 1 minute instead of 1.5 minutes","0","None","0","None","0","None","0","None"
"2_47","18","942.7184223757962","966.4559366082804","Stir-Stir the contents in the microwave with a spoon","False","0","None","0","None","0","None","0","None","0","None","0","None","0","None","0","None"
"2_47","25","968.151473339172","1054.6238466146497","Microwave-Microwave for 1 more minute","False","0","None","0","None","0","None","0","None","0","None","0","None","0","None","0","None"
"3_2","36","5.714685807915059","12.699301795366807","Take-Take a microwavable mug","False","0","None","0","None","0","None","0","None","0","None","0","None","0","None","0","None"
"3_2","35","50.16224209169884","113.65875106853282","add-Measure 1/16 teaspoon of baking soda and add it to the mug","False","0","None","0","None","0","None","0","None","0","None","0","None","0","None","0","None"
"3_2","28","118.73847178667954","137.15245938996142","add-Measure 1/8 teaspoon of salt and add it to the mug","False","0","None","0","None","0","None","0","None","0","None","0","None","0","None","0","None"
"3_2","40","144.1370753774131","166.36085351930504","add-Measure 1/8 teaspoon of baking powder and add it to the mug","False","0","None","0","None","0","None","0","None","0","None","0","None","0","None","0","None"
"3_2","33","173.34546950675676","209.53847962355215","add-Measure 4 tablespoons of flour and add it to the mug","False","0","None","0","None","0","None","0","None","0","None","0","None","0","None","0","None"
"3_2","38","214.61820034169887","226.04757195752896","Stir-Stir the contents in the mug well","False","0","None","0","None","0","None","0","None","0","None","0","None","0","None","0","None"
"3_2","41","230.4923275859074","260.3356868050193","Add-Add in 3 tablespoons of milk to the mug","False","0","None","0","None","0","None","0","None","0","None","0","None","0","None","0","None"
"3_2","34","274.3049187799228","297.79862710135137","Add-1 tablespoon of olive oil to the mug","False","0","None","0","None","0","None","0","None","0","None","0","None","0","None","0","None"
"3_2","37","339.70632302606174","389.8685651177606","Mix-Mix the contents of the mug thoroughly. (There might be some lumps, but that is ok.)","False","0","None","0","None","0","None","0","None","0","None","0","None","0","None","0","None"
"3_2","30","407.01262254150583","435.5860515810811","Take-Take 1 tablespoon of marinara sauce","False","0","None","0","None","0","None","0","None","0","None","0","None","0","None","0","None"
"3_2","31","434.31612140154436","443.8405977480695","spread-spread marinara sauce around the surface of the batter","False","0","None","0","None","0","None","0","None","0","None","0","None","0","None","0","None"
"3_2","39","454.00003918436295","480.66857295463325","Sprinkle-Sprinkle 1 generous tablespoon of mozzarella cheese on top of the sauce","False","0","None","0","None","0","None","0","None","0","None","0","None","0","None","0","None"
"3_2","29","487.0182238523166","499.08256055791514","Sprinkle-Sprinkle dried Italian herbs inside the mug","False","0","None","0","None","0","None","0","None","0","None","0","None","0","None","0","None"
"3_2","32","504.16228127606183","649.5692868330116","Microwave-Microwave for 1 minute 20 seconds, or until it rises and the toppings are bubbling","False","0","None","0","None","0","None","0","None","0","None","0","None","0","None","0","None"
"3_5","36","2.220446049250313e-16","8.432652031853284","Take-Take a microwavable mug","False","0","None","0","None","0","None","0","None","0","None","0","None","0","None","0","None"
"3_5","40","14.616596855212356","55.09332660810811","add-Measure 1/8 teaspoon of baking powder and add it to the mug","False","0","None","0","None","0","None","0","None","0","None","0","None","0","None","0","None"
"3_5","35","63.52597863996139","77.58039869305018","add-Measure 1/16 teaspoon of baking soda and add it to the mug","False","0","None","0","None","0","None","0","None","0","None","0","None","0","None","0","None"
"3_5","28","89.94828833976834","115.2462444353282","add-Measure 1/8 teaspoon of salt and add it to the mug","False","0","None","0","None","0","None","0","None","0","None","0","None","0","None","0","None"
"3_5","33","132.11154849903477","174.83698546042473","add-Measure 4 tablespoons of flour and add it to the mug","False","0","None","0","None","0","None","0","None","0","None","0","None","0","None","0","None"
"3_5","38","179.89657667953668","200.6971183581081","Stir-Stir the contents in the mug well","False","0","None","0","None","0","None","0","None","0","None","0","None","0","None","0","None"
"3_5","41","206.88106318146717","245.67126252799227","Add-Add in 3 tablespoons of milk to the mug","False","0","None","0","None","0","None","0","None","0","None","0","None","0","None","0","None"
"3_5","34","250.1686769449807","269.2826882171815","Add-1 tablespoon of olive oil to the mug","False","0","None","0","None","0","None","0","None","0","None","0","None","0","None","0","None"
"3_5","37","276.0288098426641","322.6894844189189","Mix-Mix the contents of the mug thoroughly. (There might be some lumps, but that is ok.)","False","0","None","0","None","0","None","0","None","0","None","0","None","0","None","0","None"
"3_5","30","344.05220289961386","372.72321980791503","Take-Take 1 tablespoon of marinara sauce","False","0","None","0","None","0","None","0","None","0","None","0","None","0","None","0","None"
"3_5","31","379.4693414333977","395.77246869498066","spread-spread marinara sauce around the surface of the batter","False","0","None","0","None","0","None","0","None","0","None","0","None","0","None","0","None"
"3_5","39","413.1999495608108","432.31396083301155","Sprinkle-Sprinkle 1 generous tablespoon of mozzarella cheese on top of the sauce","False","0","None","0","None","0","None","0","None","0","None","0","None","0","None","0","None"
"3_5","29","447.4927344903475","458.73627053281854","Sprinkle-Sprinkle dried Italian herbs inside the mug","False","0","None","0","None","0","None","0","None","0","None","0","None","0","None","0","None"
"3_5","32","466.04456896042467","573.4203381660232","Microwave-Microwave for 1 minute 20 seconds, or until it rises and the toppings are bubbling","False","0","None","0","None","0","None","0","None","0","None","0","None","0","None","0","None"
"3_11","36","4.625","11.087","Take-Take a microwavable mug","False","0","None","0","None","0","None","0","None","0","None","0","None","0","None","0","None"
"3_11","35","14.666","85.625","add-Measure 1/16 teaspoon of baking soda and add it to the mug","False","0","None","0","None","0","None","0","None","0","None","0","None","0","None","0","None"
"3_11","33","90.236","122.426","add-Measure 4 tablespoons of flour and add it to the mug","False","0","None","0","None","0","None","0","None","0","None","0","None","0","None","0","None"
"3_11","28","130.15","164.684","add-Measure 1/8 teaspoon of salt and add it to the mug","False","0","None","0","None","0","None","0","None","0","None","0","None","0","None","0","None"
"3_11","40","184.611","197.128","add-Measure 1/8 teaspoon of baking powder and add it to the mug","False","0","None","0","None","0","None","0","None","0","None","0","None","0","None","0","None"
"3_11","38","169.5","177.77100000000002","Stir-Stir the contents in the mug well","False","0","None","0","None","0","None","0","None","0","None","0","None","0","None","0","None"
"3_11","41","223.272","259.927","Add-Add in 3 tablespoons of milk to the mug","False","0","None","0","None","0","None","0","None","0","None","0","None","0","None","0","None"
"3_11","34","263.716","286.122","Add-1 tablespoon of olive oil to the mug","False","0","None","0","None","0","None","0","None","0","None","0","None","0","None","0","None"
"3_11","37","293.725","359.80899999999997","Mix-Mix the contents of the mug thoroughly. (There might be some lumps, but that is ok.)","False","0","None","0","None","0","None","0","None","0","None","0","None","0","None","0","None"
"3_11","30","367.779","405.25","Take-Take 1 tablespoon of marinara sauce","False","0","None","0","None","0","None","0","None","0","None","0","None","0","None","0","None"
"3_11","31","407.58","432.585","spread-spread marinara sauce around the surface of the batter","False","0","None","0","None","0","None","0","None","0","None","0","None","0","None","0","None"
"3_11","39","443.776","475.658","Sprinkle-Sprinkle 1 generous tablespoon of mozzarella cheese on top of the sauce","False","0","None","0","None","0","None","0","None","0","None","0","None","0","None","0","None"
"3_11","29","478.032","489.704","Sprinkle-Sprinkle dried Italian herbs inside the mug","False","0","None","0","None","0","None","0","None","0","None","0","None","0","None","0","None"
"3_11","32","494.062","594.2909999999999","Microwave-Microwave for 1 minute 20 seconds, or until it rises and the toppings are bubbling","False","0","None","0","None","0","None","0","None","0","None","0","None","0","None","0","None"
"3_12","36","3.185292794401544","11.467054059845566","Take-Take a microwavable mug","False","0","None","0","None","0","None","0","None","0","None","0","None","0","None","0","None"
"3_12","28","35.03822073841699","61.15762165250966","add-Measure 1/8 teaspoon of salt and add it to the mug","False","0","None","0","None","0","None","0","None","0","None","0","None","0","None","0","None"
"3_12","33","80.2693784189189","152.2569955723938","add-Measure 4 tablespoons of flour and add it to the mug","False","0","None","0","None","0","None","0","None","0","None","0","None","0","None","0","None"
"3_12","35","165.6352253088803","183.47286495752894","add-Measure 1/16 teaspoon of baking soda and add it to the mug","False","0","None","0","None","0","None","0","None","0","None","0","None","0","None","0","None"
"3_12","40","208.318148753861","225.51872984362936","add-Measure 1/8 teaspoon of baking powder and add it to the mug","False","0","None","0","None","0","None","0","None","0","None","0","None","0","None","0","None"
"3_12","38","235.074608226834","256.0975406698842","Stir-Stir the contents in the mug well","False","0","None","0","None","0","None","0","None","0","None","0","None","0","None","0","None"
"3_12","41","258.6457749054054","283.4910587017375","Add-Add in 3 tablespoons of milk to the mug","False","0","None","0","None","0","None","0","None","0","None","0","None","0","None","0","None"
"3_12","34","291.7728199671814","312.7957524102316","Add-1 tablespoon of olive oil to the mug","False","0","None","0","None","0","None","0","None","0","None","0","None","0","None","0","None"
"3_12","37","314.06986952799224","366.30867135617757","Mix-Mix the contents of the mug thoroughly. (There might be some lumps, but that is ok.)","False","0","None","0","None","0","None","0","None","0","None","0","None","0","None","0","None"
"3_12","30","382.2351353281854","426.8292344498069","Take-Take 1 tablespoon of marinara sauce","False","0","None","0","None","0","None","0","None","0","None","0","None","0","None","0","None"
"3_12","31","426.19217589092665","437.02217139189185","spread-spread marinara sauce around the surface of the batter","False","0","None","0","None","0","None","0","None","0","None","0","None","0","None","0","None"
"3_12","39","452.3115768050193","501.3650858388031","Sprinkle-Sprinkle 1 generous tablespoon of mozzarella cheese on top of the sauce","False","0","None","0","None","0","None","0","None","0","None","0","None","0","None","0","None"
"3_12","29","504.5503786332046","515.3803741341699","Sprinkle-Sprinkle dried Italian herbs inside the mug","False","0","None","0","None","0","None","0","None","0","None","0","None","0","None","0","None"
"3_12","32","516.6544912519305","645.9773787046331","Microwave-Microwave for 1 minute 20 seconds, or until it rises and the toppings are bubbling","True","0","None","0","None","0","None","0","None","0","None","0","None","0","None","1","Rose above the brim"
"3_13","36","16.19429910521235","51.1398919111969","Take-Take a microwavable mug","False","0","None","0","None","0","None","0","None","0","None","0","None","0","None","0","None"
"3_13","35","74.15284327123553","155.97667032915058","add-Measure 1/16 teaspoon of baking soda and add it to the mug","False","0","None","0","None","0","None","0","None","0","None","0","None","0","None","0","None"
"3_13","40","164.4999856476834","189.21760007142854","add-Measure 1/8 teaspoon of baking powder and add it to the mug","False","0","None","0","None","0","None","0","None","0","None","0","None","0","None","0","None"
"3_13","33","228.42485053667951","265.07510640637065","add-Measure 4 tablespoons of flour and add it to the mug","False","0","None","0","None","0","None","0","None","0","None","0","None","0","None","0","None"
"3_13","28","267.6321010019305","310.2486775945946","add-Measure 1/8 teaspoon of salt and add it to the mug","False","0","None","0","None","0","None","0","None","0","None","0","None","0","None","0","None"
"3_13","38","323.8859821042471","337.5232866138996","Stir-Stir the contents in the mug well","False","0","None","0","None","0","None","0","None","0","None","0","None","0","None","0","None"
"3_13","41","360.53623797393817","399.7434884391891","Add-Add in 3 tablespoons of milk to the mug","False","0","None","0","None","0","None","0","None","0","None","0","None","0","None","0","None"
"3_13","34","411.6761298851351","434.6890812451738","Add-1 tablespoon of olive oil to the mug","False","0","None","0","None","0","None","0","None","0","None","0","None","0","None","0","None"
"3_13","37","438.95073890444013","507.13726145270266","Mix-Mix the contents of the mug thoroughly. (There might be some lumps, but that is ok.)","False","0","None","0","None","0","None","0","None","0","None","0","None","0","None","0","None"
"3_13","30","565.0958056187259","577.0284470646719","Take-Take 1 tablespoon of marinara sauce","False","0","None","0","None","0","None","0","None","0","None","0","None","0","None","0","None"
"3_13","31","576.1761155328185","590.6657515743242","spread-spread marinara sauce around the surface of the batter","False","0","None","0","None","0","None","0","None","0","None","0","None","0","None","0","None"
"3_13","39","600.0413984247105","660.5569371862935","Sprinkle-Sprinkle 1 generous tablespoon of mozzarella cheese on top of the sauce","False","0","None","0","None","0","None","0","None","0","None","0","None","0","None","0","None"
"3_13","29","672.4895786322394","703.1735137789575","Sprinkle-Sprinkle dried Italian herbs inside the mug","False","0","None","0","None","0","None","0","None","0","None","0","None","0","None","0","None"
"3_13","32","713.4014921611969","861.707178703668","Microwave-Microwave for 1 minute 20 seconds, or until it rises and the toppings are bubbling","False","0","None","0","None","0","None","0","None","0","None","0","None","0","None","0","None"
"3_14","36","4.207","19.438","Take-Take a microwavable mug","False","0","None","0","None","0","None","0","None","0","None","0","None","0","None","0","None"
"3_14","40","19.438","83.418","add-Measure 1/8 teaspoon of baking powder and add it to the mug","False","0","None","0","None","0","None","0","None","0","None","0","None","0","None","0","None"
"3_14","35","83.418","98.30199999999999","add-Measure 1/16 teaspoon of baking soda and add it to the mug","False","0","None","0","None","0","None","0","None","0","None","0","None","0","None","0","None"
"3_14","28","103.291","115.49600000000001","add-Measure 1/8 teaspoon of salt and add it to the mug","False","0","None","0","None","0","None","0","None","0","None","0","None","0","None","0","None"
"3_14","33","117.298","160.584","add-Measure 4 tablespoons of flour and add it to the mug","False","0","None","0","None","0","None","0","None","0","None","0","None","0","None","0","None"
"3_14","38","173.202","194.643","Stir-Stir the contents in the mug well","False","0","None","0","None","0","None","0","None","0","None","0","None","0","None","0","None"
"3_14","34","197.032","224.801","Add-1 tablespoon of olive oil to the mug","False","0","None","0","None","0","None","0","None","0","None","0","None","0","None","0","None"
"3_14","41","229.934","276.133","Add-Add in 3 tablespoons of milk to the mug","False","0","None","0","None","0","None","0","None","0","None","0","None","0","None","0","None"
"3_14","37","None","None","Mix-Mix the contents of the mug thoroughly. (There might be some lumps, but that is ok.)","True","0","None","0","None","0","None","0","None","0","None","0","None","1","Skipped this step","0","None"
"3_14","30","281.266","334.275","Take-Take 1 tablespoon of marinara sauce","False","0","None","0","None","0","None","0","None","0","None","0","None","0","None","0","None"
"3_14","31","334.275","344.457","spread-spread marinara sauce around the surface of the batter","False","0","None","0","None","0","None","0","None","0","None","0","None","0","None","0","None"
"3_14","39","371.75","426.995","Sprinkle-Sprinkle 1 generous tablespoon of mozzarella cheese on top of the sauce","False","0","None","0","None","0","None","0","None","0","None","0","None","0","None","0","None"
"3_14","29","435.5","451.217","Sprinkle-Sprinkle dried Italian herbs inside the mug","False","0","None","0","None","0","None","0","None","0","None","0","None","0","None","0","None"
"3_14","32","452.25","598.723","Microwave-Microwave for 1 minute 20 seconds, or until it rises and the toppings are bubbling","False","0","None","0","None","0","None","0","None","0","None","0","None","0","None","0","None"
"3_18","36","7.3723585559845555","129.01627472972973","Take-Take a microwavable mug","False","0","None","0","None","0","None","0","None","0","None","0","None","0","None","0","None"
"3_18","28","174.17197088513512","215.64148776254825","add-Measure 1/8 teaspoon of salt and add it to the mug","False","0","None","0","None","0","None","0","None","0","None","0","None","0","None","0","None"
"3_18","40","216.56303258204633","249.7386460839768","add-Measure 1/8 teaspoon of baking powder and add it to the mug","False","0","None","0","None","0","None","0","None","0","None","0","None","0","None","0","None"
"3_18","33","255.26791500096525","328.06995574131275","add-Measure 4 tablespoons of flour and add it to the mug","False","0","None","0","None","0","None","0","None","0","None","0","None","0","None","0","None"
"3_18","35","333.5992246583012","351.1085762287645","add-Measure 1/16 teaspoon of baking soda and add it to the mug","False","0","None","0","None","0","None","0","None","0","None","0","None","0","None","0","None"
"3_18","38","369.5394726187259","398.107362023166","Stir-Stir the contents in the mug well","False","0","None","0","None","0","None","0","None","0","None","0","None","0","None","0","None"
"3_18","41","427.59679624710424","480.12485095849416","Add-Add in 3 tablespoons of milk to the mug","False","0","None","0","None","0","None","0","None","0","None","0","None","0","None","0","None"
"3_18","34","483.8110302364865","516.9866437384169","Add-1 tablespoon of olive oil to the mug","False","0","None","0","None","0","None","0","None","0","None","0","None","0","None","0","None"
"3_18","37","519.7512781969112","587.0240500202702","Mix-Mix the contents of the mug thoroughly. (There might be some lumps, but that is ok.)","False","0","None","0","None","0","None","0","None","0","None","0","None","0","None","0","None"
"3_18","30","626.6504772586873","668.1199941361003","Take-Take 1 tablespoon of marinara sauce","False","0","None","0","None","0","None","0","None","0","None","0","None","0","None","0","None"
"3_18","31","671.8061734140927","715.118779930502","spread-spread marinara sauce around the surface of the batter","False","0","None","0","None","0","None","0","None","0","None","0","None","0","None","0","None"
"3_18","39","728.941952222973","782.3915517538609","Sprinkle-Sprinkle 1 generous tablespoon of mozzarella cheese on top of the sauce","False","0","None","0","None","0","None","0","None","0","None","0","None","0","None","0","None"
"3_18","29","790.6854551293436","833.9980616457528","Sprinkle-Sprinkle dried Italian herbs inside the mug","False","0","None","0","None","0","None","0","None","0","None","0","None","0","None","0","None"
"3_18","32","833.9980616457528","941.8188055270269","Microwave-Microwave for 1 minute 20 seconds, or until it rises and the toppings are bubbling","False","0","None","0","None","0","None","0","None","0","None","0","None","0","None","0","None"
"3_22","36","8.615073648648648","24.887990540540542","Take-Take a microwavable mug","False","0","None","0","None","0","None","0","None","0","None","0","None","0","None","0","None"
"3_22","35","89.0224277027027","134.9694871621622","add-Measure 1/16 teaspoon of baking soda and add it to the mug","False","0","None","0","None","0","None","0","None","0","None","0","None","0","None","0","None"
"3_22","40","152.19963445945947","196.23223310810812","add-Measure 1/8 teaspoon of baking powder and add it to the mug","False","0","None","0","None","0","None","0","None","0","None","0","None","0","None","0","None"
"3_22","28","200.06115472972974","228.7780668918919","add-Measure 1/8 teaspoon of salt and add it to the mug","False","0","None","0","None","0","None","0","None","0","None","0","None","0","None","0","None"
"3_22","33","232.60698851351353","336.9451027027027","add-Measure 4 tablespoons of flour and add it to the mug","False","0","None","0","None","0","None","0","None","0","None","0","None","0","None","0","None"
"3_22","38","358.0041716216216","408.73738310810813","Stir-Stir the contents in the mug well","False","0","None","0","None","0","None","0","None","0","None","0","None","0","None","0","None"
"3_22","34","409.6946135135135","440.3259864864865","Add-1 tablespoon of olive oil to the mug","False","0","None","0","None","0","None","0","None","0","None","0","None","0","None","0","None"
"3_22","41","446.06936891891894","501.58873243243244","Add-Add in 3 tablespoons of milk to the mug","False","0","None","0","None","0","None","0","None","0","None","0","None","0","None","0","None"
"3_22","37","515.9471885135135","625.0714547297298","Mix-Mix the contents of the mug thoroughly. (There might be some lumps, but that is ok.)","False","0","None","0","None","0","None","0","None","0","None","0","None","0","None","0","None"
"3_22","30","636.5582195945946","729.4095689189189","Take-Take 1 tablespoon of marinara sauce","False","0","None","0","None","0","None","0","None","0","None","0","None","0","None","0","None"
"3_22","31","732.2812601351352","770.5704763513514","spread-spread marinara sauce around the surface of the batter","False","0","None","0","None","0","None","0","None","0","None","0","None","0","None","0","None"
"3_22","39","787.8006236486486","828.0043006756756","Sprinkle-Sprinkle 1 generous tablespoon of mozzarella cheese on top of the sauce","False","0","None","0","None","0","None","0","None","0","None","0","None","0","None","0","None"
"3_22","29","None","None","Sprinkle-Sprinkle dried Italian herbs inside the mug","True","0","None","0","None","0","None","0","None","0","None","0","None","1","Skipped this step","0","None"
"3_22","32","871.0796689189189","984.0328567567567","Microwave-Microwave for 1 minute 20 seconds, or until it rises and the toppings are bubbling","False","0","None","0","None","0","None","0","None","0","None","0","None","0","None","0","None"
"3_34","36","10.111645945945945","21.90856621621622","Take-Take a microwavable mug","False","0","None","0","None","0","None","0","None","0","None","0","None","0","None","0","None"
"3_34","35","23.59384054054054","72.46679594594595","add-Measure 1/16 teaspoon of baking soda and add it to the mug","False","0","None","0","None","0","None","0","None","0","None","0","None","0","None","0","None"
"3_34","38","72.46679594594595","85.94899054054054","Stir-Stir the contents in the mug well","True","0","None","0","None","1","Step performed before adding ingredients to the mug","0","None","0","None","0","None","0","None","0","None"
"3_34","28","95.4988783783784","123.5867837837838","add-Measure 1/8 teaspoon of salt and add it to the mug","False","0","None","0","None","0","None","0","None","0","None","0","None","0","None","0","None"
"3_34","40","125.27205810810811","159.5393027027027","add-Measure 1/8 teaspoon of baking powder and add it to the mug","False","0","None","0","None","0","None","0","None","0","None","0","None","0","None","0","None"
"3_34","34","172.4597391891892","205.60346756756758","Add-1 tablespoon of olive oil to the mug","True","0","None","0","None","1","Step performed before adding flour to the mug","0","None","0","None","0","None","0","None","0","None"
"3_34","41","215.15335540540542","256.7234554054054","Add-Add in 3 tablespoons of milk to the mug","True","0","None","0","None","1","Step performed before adding flour to the mug","0","None","0","None","0","None","0","None","0","None"
"3_34","37","257.8469716216216","280.31729594594594","Mix-Mix the contents of the mug thoroughly. (There might be some lumps, but that is ok.)","True","0","None","0","None","1","Step performed before adding flour to the mug","0","None","0","None","0","None","0","None","0","None"
"3_34","30","292.67597432432433","327.50497702702705","Take-Take 1 tablespoon of marinara sauce","False","0","None","0","None","0","None","0","None","0","None","0","None","0","None","0","None"
"3_34","33","337.05486486486484","407.83638648648656","add-Measure 4 tablespoons of flour and add it to the mug","True","0","None","0","None","1","Step performed after adding milk and olive oil to the mug","0","None","0","None","0","None","0","None","0","None"
"3_34","39","434.2390175675676","471.8768108108108","Sprinkle-Sprinkle 1 generous tablespoon of mozzarella cheese on top of the sauce","False","0","None","0","None","0","None","0","None","0","None","0","None","0","None","0","None"
"3_34","32","474.12384324324324","574.6785445945945","Microwave-Microwave for 1 minute 20 seconds, or until it rises and the toppings are bubbling","True","0","None","0","None","1","Step performed before correct order","0","None","0","None","0","None","0","None","0","None"
"3_34","31","None","None","spread-spread marinara sauce around the surface of the batter","True","0","None","0","None","0","None","0","None","0","None","0","None","1","Skipped this step","0","None"
"3_34","29","None","None","Sprinkle-Sprinkle dried Italian herbs inside the mug","True","0","None","0","None","0","None","0","None","0","None","0","None","1","Skipped this step","0","None"
"3_36","36","1.8271148648648645","21.01182094594595","Take-Take a microwavable mug","False","0","None","0","None","0","None","0","None","0","None","0","None","0","None","0","None"
"3_36","34","58.46767567567568","89.5286283783784","Add-1 tablespoon of olive oil to the mug","True","1","Step performed before adding flour, baking powder, salt, and baking soda","0","None","1","Step performed before adding flour, baking powder, salt, and baking soda","0","None","0","None","0","None","0","None","0","None"
"3_36","33","107.79977702702703","174.48946959459462","add-Measure 4 tablespoons of flour and add it to the mug","True","0","None","1","Step performed after adding oil to the mug","1","Step performed after adding oil to the mug","0","None","0","None","0","None","0","None","0","None"
"3_36","40","180.8843716216216","248.48762162162166","add-Measure 1/8 teaspoon of baking powder and add it to the mug","True","1","Step performed after adding oil to the mug","0","None","1","Step performed after adding oil to the mug","0","None","0","None","0","None","0","None","0","None"
"3_36","38","254.88252364864863","295.99260810810813","Stir-Stir the contents in the mug well","True","0","None","0","None","1","Step performed after adding oil to the mug and before adding salt","0","None","1","Step performed after adding oil to the mug and before adding salt","0","None","0","None","0","None"
"3_36","41","300.5603952702703","380.03989189189195","Add-Add in 3 tablespoons of milk to the mug","True","0","None","1","Step performed before adding salt","1","Step performed before adding salt","0","None","0","None","0","None","0","None","0","None"
"3_36","28","383.69412162162166","433.9397804054055","add-Measure 1/8 teaspoon of salt and add it to the mug","True","0","None","0","None","1","Step performed after adding milk and olive oil","0","None","0","None","0","None","0","None","0","None"
"3_36","37","436.6804527027027","524.3819662162163","Mix-Mix the contents of the mug thoroughly. (There might be some lumps, but that is ok.)","True","0","None","0","None","1","Step performed before adding baking soda","0","None","0","None","0","None","0","None","0","None"
"3_36","35","528.9497533783784","560.9242635135136","add-Measure 1/16 teaspoon of baking soda and add it to the mug","True","0","None","0","None","1","Step performed after adding milk and olive oil","0","None","0","None","0","None","0","None","0","None"
"3_36","30","576","607","Take-Take 1 tablespoon of marinara sauce","True","0","None","1","Take 2 tablespoons instead of 1 tablespoon","0","None","0","None","0","None","0","None","0","None","0","None"
"3_36","31","608","611","spread-spread marinara sauce around the surface of the batter","False","0","None","0","None","0","None","0","None","0","None","0","None","0","None","0","None"
"3_36","30","611","613","Take-Take 1 tablespoon of marinara sauce","True","0","None","1","Take 2 tablespoons instead of 1 tablespoon","0","None","0","None","0","None","0","None","0","None","0","None"
"3_36","31","612","638.5766452702703","spread-spread marinara sauce around the surface of the batter","False","0","None","0","None","0","None","0","None","0","None","0","None","0","None","0","None"
"3_36","39","651.3664493243243","687.9087466216216","Sprinkle-Sprinkle 1 generous tablespoon of mozzarella cheese on top of the sauce","False","0","None","0","None","0","None","0","None","0","None","0","None","0","None","0","None"
"3_36","29","690.649418918919","715.3154695945947","Sprinkle-Sprinkle dried Italian herbs inside the mug","False","0","None","0","None","0","None","0","None","0","None","0","None","0","None","0","None"
"3_36","32","716.2290270270271","944.6183851351351","Microwave-Microwave for 1 minute 20 seconds, or until it rises and the toppings are bubbling","True","0","None","0","None","0","None","1","Microwave for 3 minutes instead of 1 minute 20 seconds","0","None","0","None","0","None","0","None"
"3_46","36","10.053479724903475","19.43672746814672","Take-Take a microwavable mug","True","1","Use a soiled mug","0","None","0","None","0","None","0","None","0","None","0","None","0","None"
"3_46","35","22.117655394787644","74.39574996428571","add-Measure 1/16 teaspoon of baking soda and add it to the mug","True","0","None","1","add-Measure 1 teaspoon of baking soda and add it to the mug instead of 1/16 teaspoon","0","None","0","None","0","None","0","None","0","None","0","None"
"3_46","40","77.07667789092663","136.057092277027","add-Measure 1/8 teaspoon of baking powder and add it to the mug","False","0","None","0","None","0","None","0","None","0","None","0","None","0","None","0","None"
"3_46","33","144.0998760569498","174.26031523166023","add-Measure 4 tablespoons of flour and add it to the mug","True","0","None","1","spill while adding and add only 2 tbsp instead of 4tbsp","0","None","0","None","1","spill while adding and add only 2 tbsp instead of 4tbsp","0","None","0","None","0","None"
"3_46","28","183.64356297490346","208.44214629633203","add-Measure 1/8 teaspoon of salt and add it to the mug","True","0","None","1","add 1 tsp instead of 1/8 tsp","0","None","0","None","0","None","0","None","0","None","0","None"
"3_46","38","208.44214629633203","229.8895697094595","Stir-Stir the contents in the mug well","True","1","use hand instead of utensil to stir","0","None","0","None","0","None","0","None","0","None","0","None","0","None"
"3_46","34","231.2300336727799","254.0179210492278","Add-1 tablespoon of olive oil to the mug","True","0","None","0","None","0","None","0","None","1","invert tablespoon and use it","0","None","0","None","0","None"
"3_46","41","263.40116879247097","302.2746237287644","Add-Add in 3 tablespoons of milk to the mug","False","0","None","0","None","0","None","0","None","0","None","0","None","0","None","0","None"
"3_46","29","322.3815831785714","350.5313264083012","Sprinkle-Sprinkle dried Italian herbs inside the mug","True","0","None","0","None","1","Step performed before mixing the contents of the mug and spreading sauce","0","None","0","None","0","None","0","None","0","None"
"3_46","30","401.46895701447875","437.6614840241312","Take-Take 1 tablespoon of marinara sauce","False","0","None","0","None","0","None","0","None","0","None","0","None","0","None","0","None"
"3_46","31","436.3210200608108","448.385195730695","spread-spread marinara sauce around the surface of the batter","True","0","None","0","None","1","Step performed after adding italian herbs","0","None","1","Step performed after adding italian herbs","0","None","0","None","0","None"
"3_46","39","478.5456349054054","508.0358420984556","Sprinkle-Sprinkle 1 generous tablespoon of mozzarella cheese on top of the sauce","False","0","None","0","None","0","None","0","None","0","None","0","None","0","None","0","None"
"3_46","37","519.4297857866795","538.196281273166","Mix-Mix the contents of the mug thoroughly. (There might be some lumps, but that is ok.)","True","0","None","0","None","1","Step performed after sprinkling cheese","0","None","0","None","0","None","0","None","0","None"
"3_46","32","536.8558173098456","680.2854613851351","Microwave-Microwave for 1 minute 20 seconds, or until it rises and the toppings are bubbling","True","0","None","0","None","0","None","1","Microvawe for 2 mins instead of 1 min 20 secs","0","None","0","None","0","None","0","None"
"3_49","36","6.022490092664093","24.842771632239383","Take-Take a microwavable mug","True","1","Take a soiled mug without cleaning it","0","None","0","None","0","None","0","None","0","None","0","None","0","None"
"3_49","40","27.101205416988414","45.16867569498069","add-Measure 1/8 teaspoon of baking powder and add it to the mug","True","0","None","1","add-Measure 1/4 teaspoon of baking powder and add it to the mug","0","None","0","None","0","None","0","None","0","None","0","None"
"3_49","33","61.73052344980695","117.4385568069498","add-Measure 4 tablespoons of flour and add it to the mug","True","0","None","1","add-Measure 5 tablespoons of flour and add it to the mug","0","None","0","None","0","None","0","None","0","None","0","None"
"3_49","35","118.94417933011583","141.52851717760618","add-Measure 1/16 teaspoon of baking soda and add it to the mug","False","0","None","0","None","0","None","0","None","0","None","0","None","0","None","0","None"
"3_49","28","150.56225231660233","162.6072325019305","add-Measure 1/8 teaspoon of salt and add it to the mug","True","0","None","1","add-Measure 1/4 teaspoon of salt and add it to the mug","0","None","0","None","0","None","0","None","0","None","0","None"
"3_49","38","173.89940142567568","209.2815307200772","Stir-Stir the contents in the mug well","False","0","None","0","None","0","None","0","None","0","None","0","None","0","None","0","None"
"3_49","34","215.30402081274133","246.9220937992278","Add-1 tablespoon of olive oil to the mug","False","0","None","0","None","0","None","0","None","0","None","0","None","0","None","0","None"
"3_49","41","308.65261724903473","351.56285915926645","Add-Add in 3 tablespoons of milk to the mug","True","1","Add-Add in 3 tablespoons of curd to the mug","0","None","0","None","0","None","0","None","0","None","0","None","0","None"
"3_49","29","356.07972672876446","383.18093214575293","Sprinkle-Sprinkle dried Italian herbs inside the mug","True","0","None","0","None","1","Step performed before mixing and spreading marinara sauce","0","None","0","None","0","None","0","None","0","None"
"3_49","30","424.5855515328185","459.214869565637","Take-Take 1 tablespoon of marinara sauce","True","1","Take-Take 1 tablespoon of tomato ketchup","0","None","0","None","0","None","0","None","0","None","0","None","0","None"
"3_49","31","457.7092470424711","469.7542272277992","spread-spread marinara sauce around the surface of the batter","True","0","None","0","None","1","Step performed after sprinkling dried italian herbs","0","None","1","Step performed after sprinkling dried italian herbs","0","None","0","None","0","None"
"3_49","39","508.9004128301158","541.2712970781854","Sprinkle-Sprinkle 1 generous tablespoon of mozzarella cheese on top of the sauce","True","0","None","0","None","1","Step performed before mixing the contents of the mug","0","None","0","None","0","None","0","None","0","None"
"3_49","37","547.2937871708494","593.9680853889961","Mix-Mix the contents of the mug thoroughly. (There might be some lumps, but that is ok.)","True","0","None","0","None","1","Step performed after sprinkling cheese and herbs","0","None","0","None","0","None","0","None","0","None"
"3_49","32","616.5524232364864","765.6090530299227","Microwave-Microwave for 1 minute 20 seconds, or until it rises and the toppings are bubbling","True","0","None","0","None","0","None","1","Microwave-Microwave for 2 minutes, or until it rises and the toppings are bubbling","0","None","0","None","0","None","0","None"
"3_50","36","3.9241905376447876","11.336550442084942","Take-Take a microwavable mug","False","0","None","0","None","0","None","0","None","0","None","0","None","0","None","0","None"
"3_50","40","35.317714838803084","60.6069427480695","add-Measure 1/8 teaspoon of baking powder and add it to the mug","True","1","Using soiled measuring spoons (might contaminate the ingredients)","0","None","0","None","0","None","0","None","0","None","0","None","0","None"
"3_50","33","69.76338733590734","102.4649751496139","add-Measure 4 tablespoons of flour and add it to the mug","True","1","Not using dried and cleaned measuring spoons (might contaminate the ingredients)","0","None","0","None","0","None","0","None","0","None","0","None","0","None"
"3_50","39","118.59775847104247","153.0434309681467","Sprinkle-Sprinkle 1 generous tablespoon of mozzarella cheese on top of the sauce","True","1","Step performed before adding milk and olive oil","0","None","1","Step performed before adding milk and olive oil","0","None","0","None","0","None","0","None","0","None"
"3_50","28","169.6122354604247","187.05308229440155","add-Measure 1/8 teaspoon of salt and add it to the mug","True","1","Step performed after adding cheese","0","None","1","Step performed after adding cheese","0","None","0","None","0","None","0","None","0","None"
"3_50","38","191.41329400289578","203.62188678667957","Stir-Stir the contents in the mug well","True","0","None","0","None","1","Step performed after adding cheese","0","None","0","None","0","None","0","None","0","None"
"3_50","41","208.85414083687257","233.7073475752896","Add-Add in 3 tablespoons of milk to the mug","True","0","None","0","None","1","Step performed after adding cheese and before adding baking soda","0","None","0","None","0","None","0","None","0","None"
"3_50","34","245.47991918822396","263.79280836389967","Add-1 tablespoon of olive oil to the mug","True","0","None","0","None","1","Step performed after adding cheese and before adding baking soda","0","None","0","None","0","None","0","None","0","None"
"3_50","37","269.0250624140927","286.0298880772201","Mix-Mix the contents of the mug thoroughly. (There might be some lumps, but that is ok.)","True","0","None","0","None","1","Step performed after adding cheese and before adding baking soda","0","None","0","None","0","None","0","None","0","None"
"3_50","30","291.69816329826256","312.19115832818534","Take-Take 1 tablespoon of marinara sauce","True","1","Step performed after adding cheese and before adding baking soda","0","None","1","Step performed after adding cheese and before adding baking soda","0","None","0","None","0","None","0","None","0","None"
"3_50","31","324.3997511119692","330.06802633301163","spread-spread marinara sauce around the surface of the batter","True","0","None","0","None","1","Step performed after adding cheese and before adding baking soda","0","None","0","None","0","None","0","None","0","None"
"3_50","35","335.7363015540541","350.12500019208494","add-Measure 1/16 teaspoon of baking soda and add it to the mug","True","0","None","0","None","1","Step performed after correct order","0","None","0","None","0","None","0","None","0","None"
"3_50","29","359.71746595077224","368.43788936776065","Sprinkle-Sprinkle dried Italian herbs inside the mug","False","0","None","0","None","0","None","0","None","0","None","0","None","0","None","0","None"
"3_50","32","372.36207990540544","444.74159426640927","Microwave-Microwave for 1 minute 20 seconds, or until it rises and the toppings are bubbling","True","0","None","0","None","0","None","1","Microwaving it for 1 minute instead of 1 minute 20 seconds","0","None","0","None","0","None","0","None"
"4_2","14","20.98611503250271","44.490563868905745","Peel-Peel 1 garlic clove","False","0","None","0","None","0","None","0","None","0","None","0","None","0","None","0","None"
"4_2","51","122.55891178981582","146.90280522751897","Chop-Chop 1 garlic clove on a cutting board","False","0","None","0","None","0","None","0","None","0","None","0","None","0","None","0","None"
"4_2","44","73.87112491440953","90.178","Remove-Remove the noodles from the package(Break Noodles / Keep them as a block)","False","0","None","0","None","0","None","0","None","0","None","0","None","0","None","0","None"
"4_2","47","167.04947565872155","212.37948412892743","Peel-Peel 1 medium onion","False","0","None","0","None","0","None","0","None","0","None","0","None","0","None","0","None"
"4_2","46","230.00782075622968","252.636","slice-slice 1/4 medium onion into pieces","False","0","None","0","None","0","None","0","None","0","None","0","None","0","None","0","None"
"4_2","54","267.78282781473456","277.8561630303359","Put-Put all the Vegetables in a microwave-safe bowl","False","0","None","0","None","0","None","0","None","0","None","0","None","0","None","0","None"
"4_2","52","283.892","287.92949824593717","Add-Add the noodles to the bowl","False","0","None","0","None","0","None","0","None","0","None","0","None","0","None","0","None"
"4_2","55","302.200056468039","314.47","cover-cover the noodles with water","False","0","None","0","None","0","None","0","None","0","None","0","None","0","None","0","None"
"4_2","49","324.8650607031419","329.9017283109426","Cover-Cover with a lid (or paper towel) to prevent splattering","False","0","None","0","None","0","None","0","None","0","None","0","None","0","None","0","None"
"4_2","45","330.7411729122427","584.647","Microwave-Microwave the ramen for 4 minutes","False","0","None","0","None","0","None","0","None","0","None","0","None","0","None","0","None"
"4_2","50","657.684","663.776","Add-Add basil to the bowl","False","0","None","0","None","0","None","0","None","0","None","0","None","0","None","0","None"
"4_2","48","588.450665511376","711.8490219024919","Let-Let the noodles sit for about 1 minute after the microwave stops","False","0","None","0","None","0","None","0","None","0","None","0","None","0","None","0","None"
"4_2","53","714.3673557063922","719.4040233141928","Add-Add chopped cilantro to the bowl","False","0","None","0","None","0","None","0","None","0","None","0","None","0","None","0","None"
"4_2","42","727.798469327194","732.8351369349946","Mix-Mix in the flavour packet to the bowl","False","0","None","0","None","0","None","0","None","0","None","0","None","0","None","0","None"
"4_2","43","742.0690275492957","766.894","Stir-Stir noodles with a spoon or fork until the flavouring dissolves","False","0","None","0","None","0","None","0","None","0","None","0","None","0","None","0","None"
"4_3","47","37.4609338028169","95.8302957746479","Peel-Peel 1 medium onion","False","0","None","0","None","0","None","0","None","0","None","0","None","0","None","0","None"
"4_3","14","138.5183366197183","187.3046690140845","Peel-Peel 1 garlic clove","False","0","None","0","None","0","None","0","None","0","None","0","None","0","None","0","None"
"4_3","44","219.985","228.879","Remove-Remove the noodles from the package(Break Noodles / Keep them as a block)","False","0","None","0","None","0","None","0","None","0","None","0","None","0","None","0","None"
"4_3","51","231.73507887323944","245.802","Chop-Chop 1 garlic clove on a cutting board","False","0","None","0","None","0","None","0","None","0","None","0","None","0","None","0","None"
"4_3","46","252.64350704225353","267.619","slice-slice 1/4 medium onion into pieces","False","0","None","0","None","0","None","0","None","0","None","0","None","0","None","0","None"
"4_3","54","291.938","297.81600000000003","Put-Put all the Vegetables in a microwave-safe bowl","False","0","None","0","None","0","None","0","None","0","None","0","None","0","None","0","None"
"4_3","52","298.016","306.792","Add-Add the noodles to the bowl","False","0","None","0","None","0","None","0","None","0","None","0","None","0","None","0","None"
"4_3","55","311.0128690140845","321.46708309859156","cover-cover the noodles with water","False","0","None","0","None","0","None","0","None","0","None","0","None","0","None","0","None"
"4_3","49","331.0501126760563","348.185","Cover-Cover with a lid (or paper towel) to prevent splattering","False","0","None","0","None","0","None","0","None","0","None","0","None","0","None","0","None"
"4_3","45","350.21617183098596","603.215","Microwave-Microwave the ramen for 4 minutes","False","0","None","0","None","0","None","0","None","0","None","0","None","0","None","0","None"
"4_3","48","610.7003394366197","689.493","Let-Let the noodles sit for about 1 minute after the microwave stops","False","0","None","0","None","0","None","0","None","0","None","0","None","0","None","0","None"
"4_3","53","690","694.245","Add-Add chopped cilantro to the bowl","False","0","None","0","None","0","None","0","None","0","None","0","None","0","None","0","None"
"4_3","50","734.4085394366197","752.703414084507","Add-Add basil to the bowl","False","0","None","0","None","0","None","0","None","0","None","0","None","0","None","0","None"
"4_3","42","753.5745985915493","760.5440746478873","Mix-Mix in the flavour packet to the bowl","False","0","None","0","None","0","None","0","None","0","None","0","None","0","None","0","None"
"4_3","43","766.6423661971832","800.391","Stir-Stir noodles with a spoon or fork until the flavouring dissolves","False","0","None","0","None","0","None","0","None","0","None","0","None","0","None","0","None"
"4_5","47","11.64037559263272","36.37617372697725","Peel-Peel 1 medium onion","False","0","None","0","None","0","None","0","None","0","None","0","None","0","None","0","None"
"4_5","44","53.10921364138679","67.65968313217768","Remove-Remove the noodles from the package(Break Noodles / Keep them as a block)","False","0","None","0","None","0","None","0","None","0","None","0","None","0","None","0","None"
"4_5","46","93.8505282156013","129.499178468039","slice-slice 1/4 medium onion into pieces","False","0","None","0","None","0","None","0","None","0","None","0","None","0","None","0","None"
"4_5","14","138.22946016251353","166.6028756695558","Peel-Peel 1 garlic clove","False","0","None","0","None","0","None","0","None","0","None","0","None","0","None","0","None"
"4_5","51","171.69553999133262","190.6111503293608","Chop-Chop 1 garlic clove on a cutting board","False","0","None","0","None","0","None","0","None","0","None","0","None","0","None","0","None"
"4_5","54","209.161","216.8019954127844","Put-Put all the Vegetables in a microwave-safe bowl","False","0","None","0","None","0","None","0","None","0","None","0","None","0","None","0","None"
"4_5","52","219.7120893109426","231.3524649035753","Add-Add the noodles to the bowl","False","0","None","0","None","0","None","0","None","0","None","0","None","0","None","0","None"
"4_5","55","237.9001761744312","246.63045786890578","cover-cover the noodles with water","False","0","None","0","None","0","None","0","None","0","None","0","None","0","None","0","None"
"4_5","49","261.1809273596967","266.2735916814735","Cover-Cover with a lid (or paper towel) to prevent splattering","False","0","None","0","None","0","None","0","None","0","None","0","None","0","None","0","None"
"4_5","45","267.72863863055255","514.1","Microwave-Microwave the ramen for 4 minutes","False","0","None","0","None","0","None","0","None","0","None","0","None","0","None","0","None"
"4_5","50","520.9068077703142","530.3646129393283","Add-Add basil to the bowl","False","0","None","0","None","0","None","0","None","0","None","0","None","0","None","0","None"
"4_5","53","531.8196598884074","538.3673711592634","Add-Add chopped cilantro to the bowl","False","0","None","0","None","0","None","0","None","0","None","0","None","0","None","0","None"
"4_5","48","542.004","624.2151411549296","Let-Let the noodles sit for about 1 minute after the microwave stops","False","0","None","0","None","0","None","0","None","0","None","0","None","0","None","0","None"
"4_5","42","625.6701881040087","637.3105636966415","Mix-Mix in the flavour packet to the bowl","False","0","None","0","None","0","None","0","None","0","None","0","None","0","None","0","None"
"4_5","43","646.7683688656555","667.8665496273023","Stir-Stir noodles with a spoon or fork until the flavouring dissolves","False","0","None","0","None","0","None","0","None","0","None","0","None","0","None","0","None"
"4_7","47","27.993223463705306","87.872","Peel-Peel 1 medium onion","False","0","None","0","None","0","None","0","None","0","None","0","None","0","None","0","None"
"4_7","14","99.42420747453954","138.54500000000002","Peel-Peel 1 garlic clove","False","0","None","0","None","0","None","0","None","0","None","0","None","0","None","0","None"
"4_7","46","164.09820651137596","185.33444500108342","slice-slice 1/4 medium onion into pieces","False","0","None","0","None","0","None","0","None","0","None","0","None","0","None","0","None"
"4_7","51","194.9872806782232","229.73748911592634","Chop-Chop 1 garlic clove on a cutting board","False","0","None","0","None","0","None","0","None","0","None","0","None","0","None","0","None"
"4_7","54","256.76542901191766","273.17524966305524","Put-Put all the Vegetables in a microwave-safe bowl","False","0","None","0","None","0","None","0","None","0","None","0","None","0","None","0","None"
"4_7","44","305.9948909653304","333.98811442903576","Remove-Remove the noodles from the package(Break Noodles / Keep them as a block)","False","0","None","0","None","0","None","0","None","0","None","0","None","0","None","0","None"
"4_7","52","315.294","334.95339799674974","Add-Add the noodles to the bowl","False","0","None","0","None","0","None","0","None","0","None","0","None","0","None","0","None"
"4_7","55","342.114","353.2937857833153","cover-cover the noodles with water","False","0","None","0","None","0","None","0","None","0","None","0","None","0","None","0","None"
"4_7","49","388.0439942210184","393.8356956273023","Cover-Cover with a lid (or paper towel) to prevent splattering","False","0","None","0","None","0","None","0","None","0","None","0","None","0","None","0","None"
"4_7","45","410.114","684.288","Microwave-Microwave the ramen for 4 minutes","False","0","None","0","None","0","None","0","None","0","None","0","None","0","None","0","None"
"4_7","53","788.671","794.328","Add-Add chopped cilantro to the bowl","False","0","None","0","None","0","None","0","None","0","None","0","None","0","None","0","None"
"4_7","48","688.2471837800649","816.6298982860238","Let-Let the noodles sit for about 1 minute after the microwave stops","False","0","None","0","None","0","None","0","None","0","None","0","None","0","None","0","None"
"4_7","50","818.5604654214518","832.0744353694474","Add-Add basil to the bowl","False","0","None","0","None","0","None","0","None","0","None","0","None","0","None","0","None"
"4_7","42","843.6578381820151","852.206","Mix-Mix in the flavour packet to the bowl","False","0","None","0","None","0","None","0","None","0","None","0","None","0","None","0","None"
"4_7","43","864.8940766717227","882.93","Stir-Stir noodles with a spoon or fork until the flavouring dissolves","False","0","None","0","None","0","None","0","None","0","None","0","None","0","None","0","None"
"4_9","47","25.691031914409532","70.87181217768148","Peel-Peel 1 medium onion","False","0","None","0","None","0","None","0","None","0","None","0","None","0","None","0","None"
"4_9","14","97.791","147.94490792091008","Peel-Peel 1 garlic clove","False","0","None","0","None","0","None","0","None","0","None","0","None","0","None","0","None"
"4_9","46","179.83722340086675","205.52825531527625","slice-slice 1/4 medium onion into pieces","False","0","None","0","None","0","None","0","None","0","None","0","None","0","None","0","None"
"4_9","44","232.99108253412783","249.682","Remove-Remove the noodles from the package(Break Noodles / Keep them as a block)","False","0","None","0","None","0","None","0","None","0","None","0","None","0","None","0","None"
"4_9","51","250.70903557854822","268.42698862296857","Chop-Chop 1 garlic clove on a cutting board","False","0","None","0","None","0","None","0","None","0","None","0","None","0","None","0","None"
"4_9","54","279.94365810184183","287.03083931961","Put-Put all the Vegetables in a microwave-safe bowl","False","0","None","0","None","0","None","0","None","0","None","0","None","0","None","0","None"
"4_9","52","292.3462252329361","295.661","Add-Add the noodles to the bowl","False","0","None","0","None","0","None","0","None","0","None","0","None","0","None","0","None"
"4_9","55","298.5475087984832","321.58084775622973","cover-cover the noodles with water","False","0","None","0","None","0","None","0","None","0","None","0","None","0","None","0","None"
"4_9","49","338.41290314842905","345.5000843661972","Cover-Cover with a lid (or paper towel) to prevent splattering","False","0","None","0","None","0","None","0","None","0","None","0","None","0","None","0","None"
"4_9","45","345.64300000000003","598.882","Microwave-Microwave the ramen for 4 minutes","False","0","None","0","None","0","None","0","None","0","None","0","None","0","None","0","None"
"4_9","53","612.269","620.1283565547129","Add-Add chopped cilantro to the bowl","False","0","None","0","None","0","None","0","None","0","None","0","None","0","None","0","None"
"4_9","48","622.786049511376","746.496","Let-Let the noodles sit for about 1 minute after the microwave stops","False","0","None","0","None","0","None","0","None","0","None","0","None","0","None","0","None"
"4_9","50","747","751.023","Add-Add basil to the bowl","False","0","None","0","None","0","None","0","None","0","None","0","None","0","None","0","None"
"4_9","42","753.0130043878657","767.187366823402","Mix-Mix in the flavour packet to the bowl","False","0","None","0","None","0","None","0","None","0","None","0","None","0","None","0","None"
"4_9","43","780.4758316067173","813.382","Stir-Stir noodles with a spoon or fork until the flavouring dissolves","False","0","None","0","None","0","None","0","None","0","None","0","None","0","None","0","None"
"4_17","14","9.898512676056338","30.520414084507042","Peel-Peel 1 garlic clove","False","0","None","0","None","0","None","0","None","0","None","0","None","0","None","0","None"
"4_17","47","41.24380281690141","100.63487887323944","Peel-Peel 1 medium onion","False","0","None","0","None","0","None","0","None","0","None","0","None","0","None","0","None"
"4_17","46","128.6806647887324","163.551","slice-slice 1/4 medium onion into pieces","False","0","None","0","None","0","None","0","None","0","None","0","None","0","None","0","None"
"4_17","51","170.74934366197184","184.7722366197183","Chop-Chop 1 garlic clove on a cutting board","False","0","None","0","None","0","None","0","None","0","None","0","None","0","None","0","None"
"4_17","44","201.2697577464789","229.117","Remove-Remove the noodles from the package(Break Noodles / Keep them as a block)","False","0","None","0","None","0","None","0","None","0","None","0","None","0","None","0","None"
"4_17","54","240.86380845070423","258.1862056338028","Put-Put all the Vegetables in a microwave-safe bowl","False","0","None","0","None","0","None","0","None","0","None","0","None","0","None","0","None"
"4_17","52","260.6608338028169","270.55934647887324","Add-Add the noodles to the bowl","False","0","None","0","None","0","None","0","None","0","None","0","None","0","None","0","None"
"4_17","55","275.5086028169014","291.18124788732393","cover-cover the noodles with water","False","0","None","0","None","0","None","0","None","0","None","0","None","0","None","0","None"
"4_17","49","316.7524056338028","323.35141408450704","Cover-Cover with a lid (or paper towel) to prevent splattering","False","0","None","0","None","0","None","0","None","0","None","0","None","0","None","0","None"
"4_17","45","325.0011661971831","571.804","Microwave-Microwave the ramen for 4 minutes","False","0","None","0","None","0","None","0","None","0","None","0","None","0","None","0","None"
"4_17","53","574.9386112676056","592.2610084507043","Add-Add chopped cilantro to the bowl","False","0","None","0","None","0","None","0","None","0","None","0","None","0","None","0","None"
"4_17","50","593.9107605633802","602.9843971830985","Add-Add basil to the bowl","False","0","None","0","None","0","None","0","None","0","None","0","None","0","None","0","None"
"4_17","48","605.4590253521127","707.324","Let-Let the noodles sit for about 1 minute after the microwave stops","False","0","None","0","None","0","None","0","None","0","None","0","None","0","None","0","None"
"4_17","42","711.0431605633803","720.9416732394366","Mix-Mix in the flavour packet to the bowl","False","0","None","0","None","0","None","0","None","0","None","0","None","0","None","0","None"
"4_17","43","726.066","755.5864676056337","Stir-Stir noodles with a spoon or fork until the flavouring dissolves","False","0","None","0","None","0","None","0","None","0","None","0","None","0","None","0","None"
"4_20","47","18.973667596966415","65.61726710617552","Peel-Peel 1 medium onion","False","0","None","0","None","0","None","0","None","0","None","0","None","0","None","0","None"
"4_20","14","86.1720736695558","102.77403281690142","Peel-Peel 1 garlic clove","False","0","None","0","None","0","None","0","None","0","None","0","None","0","None","0","None"
"4_20","51","113.84200558179849","144.6742154268689","Chop-Chop 1 garlic clove on a cutting board","False","0","None","0","None","0","None","0","None","0","None","0","None","0","None","0","None"
"4_20","44","154.95161870855907","166.81016095666305","Remove-Remove the noodles from the package(Break Noodles / Keep them as a block)","False","0","None","0","None","0","None","0","None","0","None","0","None","0","None","0","None"
"4_20","46","197.64237080173348","218.1971773651138","slice-slice 1/4 medium onion into pieces","False","0","None","0","None","0","None","0","None","0","None","0","None","0","None","0","None"
"4_20","54","245.0765397941495","260.09735997508125","Put-Put all the Vegetables in a microwave-safe bowl","False","0","None","0","None","0","None","0","None","0","None","0","None","0","None","0","None"
"4_20","52","260.759","265.955","Add-Add the noodles to the bowl","False","0","None","0","None","0","None","0","None","0","None","0","None","0","None","0","None"
"4_20","55","271.16533273997834","287.76729188732395","cover-cover the noodles with water","False","0","None","0","None","0","None","0","None","0","None","0","None","0","None","0","None"
"4_20","49","292.5107087865656","296.554","Cover-Cover with a lid (or paper towel) to prevent splattering","False","0","None","0","None","0","None","0","None","0","None","0","None","0","None","0","None"
"4_20","45","301.2069731018418","555.174","Microwave-Microwave the ramen for 4 minutes","False","0","None","0","None","0","None","0","None","0","None","0","None","0","None","0","None"
"4_20","48","556.142","573.1628753250271","Let-Let the noodles sit for about 1 minute after the microwave stops","False","0","None","0","None","0","None","0","None","0","None","0","None","0","None","0","None"
"4_20","50","575.5345837746479","581.0685701570965","Add-Add basil to the bowl","False","0","None","0","None","0","None","0","None","0","None","0","None","0","None","0","None"
"4_20","53","675.1463386587216","679.8897555579632","Add-Add chopped cilantro to the bowl","False","0","None","0","None","0","None","0","None","0","None","0","None","0","None","0","None"
"4_20","42","681.4708945243771","690.9577283228602","Mix-Mix in the flavour packet to the bowl","False","0","None","0","None","0","None","0","None","0","None","0","None","0","None","0","None"
"4_20","43","698.0728536717227","724.9522161007584","Stir-Stir noodles with a spoon or fork until the flavouring dissolves","False","0","None","0","None","0","None","0","None","0","None","0","None","0","None","0","None"
"4_22","44","21.22192299674973","51.12554176489708","Remove-Remove the noodles from the package(Break Noodles / Keep them as a block)","False","0","None","0","None","0","None","0","None","0","None","0","None","0","None","0","None"
"4_22","14","78.13526194257855","108.03888071072589","Peel-Peel 1 garlic clove","False","0","None","0","None","0","None","0","None","0","None","0","None","0","None","0","None"
"4_22","47","114.79131075514627","155.3058910216685","Peel-Peel 1 medium onion","False","0","None","0","None","0","None","0","None","0","None","0","None","0","None","0","None"
"4_22","51","161.09368820260022","181.35097833586133","Chop-Chop 1 garlic clove on a cutting board","False","0","None","0","None","0","None","0","None","0","None","0","None","0","None","0","None"
"4_22","46","189.06804124377032","256.592341687974","slice-slice 1/4 medium onion into pieces","False","0","None","0","None","0","None","0","None","0","None","0","None","0","None","0","None"
"4_22","54","285.5313275926327","302.894719135428","Put-Put all the Vegetables in a microwave-safe bowl","False","0","None","0","None","0","None","0","None","0","None","0","None","0","None","0","None"
"4_22","52","305.088","321.2227435417118","Add-Add the noodles to the bowl","False","0","None","0","None","0","None","0","None","0","None","0","None","0","None","0","None"
"4_22","55","330.869072176598","351.55","cover-cover the noodles with water","False","0","None","0","None","0","None","0","None","0","None","0","None","0","None","0","None"
"4_22","49","373.31291817009753","377.1","Cover-Cover with a lid (or paper towel) to prevent splattering","False","0","None","0","None","0","None","0","None","0","None","0","None","0","None","0","None"
"4_22","45","377.529","643.551","Microwave-Microwave the ramen for 4 minutes","False","0","None","0","None","0","None","0","None","0","None","0","None","0","None","0","None"
"4_22","50","660.7735114897074","668.4905743976165","Add-Add basil to the bowl","False","0","None","0","None","0","None","0","None","0","None","0","None","0","None","0","None"
"4_22","48","669.4552072611051","743.7319377497291","Let-Let the noodles sit for about 1 minute after the microwave stops","False","0","None","0","None","0","None","0","None","0","None","0","None","0","None","0","None"
"4_22","53","770.7416579274106","781.3526194257854","Add-Add chopped cilantro to the bowl","False","0","None","0","None","0","None","0","None","0","None","0","None","0","None","0","None"
"4_22","42","832.4781611906826","845.9830212795233","Mix-Mix in the flavour packet to the bowl","False","0","None","0","None","0","None","0","None","0","None","0","None","0","None","0","None"
"4_22","43","851.7708184604551","886.4976015460455","Stir-Stir noodles with a spoon or fork until the flavouring dissolves","False","0","None","0","None","0","None","0","None","0","None","0","None","0","None","0","None"
"4_24","47","33.93249014084507","133.119","Peel-Peel 1 medium onion","False","0","None","0","None","0","None","0","None","0","None","0","None","0","None","0","None"
"4_24","14","216.6458985915493","255.7987718309859","Peel-Peel 1 garlic clove","False","0","None","0","None","0","None","0","None","0","None","0","None","0","None","0","None"
"4_24","51","339.3249014084507","370.867","Chop-Chop 1 garlic clove on a cutting board","False","0","None","0","None","0","None","0","None","0","None","0","None","0","None","0","None"
"4_24","46","409.80007323943664","446.947","slice-slice 1/4 medium onion into pieces","False","0","None","0","None","0","None","0","None","0","None","0","None","0","None","0","None"
"4_24","54","488.1058197183098","499.828","Put-Put all the Vegetables in a microwave-safe bowl","False","0","None","0","None","0","None","0","None","0","None","0","None","0","None","0","None"
"4_24","44","516.8179267605633","534.14","Remove-Remove the noodles from the package(Break Noodles / Keep them as a block)","False","0","None","0","None","0","None","0","None","0","None","0","None","0","None","0","None"
"4_24","52","535.0892676056338","546.8351295774647","Add-Add the noodles to the bowl","False","0","None","0","None","0","None","0","None","0","None","0","None","0","None","0","None"
"4_24","55","566.4115661971831","588.5981943661972","cover-cover the noodles with water","False","0","None","0","None","0","None","0","None","0","None","0","None","0","None","0","None"
"4_24","49","625.140876056338","632.9714507042254","Cover-Cover with a lid (or paper towel) to prevent splattering","False","0","None","0","None","0","None","0","None","0","None","0","None","0","None","0","None"
"4_24","45","633.107","885.363","Microwave-Microwave the ramen for 4 minutes","False","0","None","0","None","0","None","0","None","0","None","0","None","0","None","0","None"
"4_24","48","920.0925211267605","1068.8734394366197","Let-Let the noodles sit for about 1 minute after the microwave stops","False","0","None","0","None","0","None","0","None","0","None","0","None","0","None","0","None"
"4_24","53","1072.7887267605633","1085.8396845070422","Add-Add chopped cilantro to the bowl","False","0","None","0","None","0","None","0","None","0","None","0","None","0","None","0","None"
"4_24","50","1097.585546478873","1112.161","Add-Add basil to the bowl","False","0","None","0","None","0","None","0","None","0","None","0","None","0","None","0","None"
"4_24","42","1141.9588028169014","1155.0097605633803","Mix-Mix in the flavour packet to the bowl","False","0","None","0","None","0","None","0","None","0","None","0","None","0","None","0","None"
"4_24","43","1161.5352394366196","1200.6881126760563","Stir-Stir noodles with a spoon or fork until the flavouring dissolves","False","0","None","0","None","0","None","0","None","0","None","0","None","0","None","0","None"
"4_30","14","61.556053204353084","112.443","Peel-Peel 1 garlic clove","True","0","None","1","Peeled improperly","0","None","0","None","1","Peeled improperly","0","None","0","None","0","None"
"4_30","51","123.11210640870617","164.264","Chop-Chop 1 garlic clove on a cutting board","False","0","None","0","None","0","None","0","None","0","None","0","None","0","None","0","None"
"4_30","44","182.77412720677148","196.97937025392986","Remove-Remove the noodles from the package(Break Noodles / Keep them as a block)","False","0","None","0","None","0","None","0","None","0","None","0","None","0","None","0","None"
"4_30","47","241.48913180169285","258.952","Peel-Peel 1 medium onion","False","0","None","0","None","0","None","0","None","0","None","0","None","0","None","0","None"
"4_30","46","264.2175206771463","320.727","slice-slice 1/4 medium onion into pieces","True","0","None","1","Slice 1 onion instead of 1/4th onion","0","None","0","None","0","None","0","None","0","None","0","None"
"4_30","54","333.34970350665054","354.972","Put-Put all the Vegetables in a microwave-safe bowl","False","0","None","0","None","0","None","0","None","0","None","0","None","0","None","0","None"
"4_30","52","360.81317339782345","365.124","Add-Add the noodles to the bowl","False","0","None","0","None","0","None","0","None","0","None","0","None","0","None","0","None"
"4_30","55","384.4885784764208","402.693","cover-cover the noodles with water","False","0","None","0","None","0","None","0","None","0","None","0","None","0","None","0","None"
"4_30","49","None","None","Cover-Cover with a lid (or paper towel) to prevent splattering","True","0","None","0","None","0","None","0","None","0","None","0","None","1","Missed this step","0","None"
"4_30","45","420","444","Microwave-Microwave the ramen for 4 minutes","True","0","None","0","None","0","None","1","Microwave for 16 seconds","0","None","0","None","0","None","0","None"
"4_30","49","444.1505992744862","451.09","Cover-Cover with a lid (or paper towel) to prevent splattering","False","0","None","0","None","0","None","0","None","0","None","0","None","0","None","0","None"
"4_30","45","454.567777509069","580.938","Microwave-Microwave the ramen for 4 minutes","True","0","None","0","None","0","None","1","Microwave for 2 min instead of 4 min","0","None","0","None","0","None","0","None"
"4_30","53","624.0836778718259","637.076","Add-Add chopped cilantro to the bowl","False","0","None","0","None","0","None","0","None","0","None","0","None","0","None","0","None"
"4_30","48","641.1299695284159","709.58","Let-Let the noodles sit for about 1 minute after the microwave stops","False","0","None","0","None","0","None","0","None","0","None","0","None","0","None","0","None"
"4_30","42","731.0965088270859","738.301","Mix-Mix in the flavour packet to the bowl","False","0","None","0","None","0","None","0","None","0","None","0","None","0","None","0","None"
"4_30","43","741.5136870616687","780.136","Stir-Stir noodles with a spoon or fork until the flavouring dissolves","True","0","None","0","None","0","None","0","None","1","Water spilled outside when mixing the flavour","0","None","0","None","0","None"
"4_30","50","None","None","Add-Add basil to the bowl","True","0","None","0","None","0","None","0","None","0","None","0","None","1","Missed this step","0","None"
"4_32","47","36.733189842805324","90.099","Peel-Peel 1 medium onion","True","0","None","0","None","0","None","0","None","1","Did not peel completely","0","None","0","None","0","None"
"4_32","44","119.38286698911729","146.749","Remove-Remove the noodles from the package(Break Noodles / Keep them as a block)","True","0","None","0","None","0","None","0","None","1","Throw the noodles block while opening from the package","0","None","0","None","0","None"
"4_32","14","189.17592769044742","210.624","Peel-Peel 1 garlic clove","True","0","None","0","None","0","None","0","None","1","Peel garlic clove incompletely","0","None","0","None","0","None"
"4_32","51","230.5007662636034","248.825","Chop-Chop 1 garlic clove on a cutting board","False","0","None","0","None","0","None","0","None","0","None","0","None","0","None","0","None"
"4_32","54","278.2539130592503","283","Put-Put all the Vegetables in a microwave-safe bowl","False","0","None","0","None","0","None","0","None","0","None","0","None","0","None","0","None"
"4_32","52","283.01","286.375","Add-Add the noodles to the bowl","False","0","None","0","None","0","None","0","None","0","None","0","None","0","None","0","None"
"4_32","55","320.4970813784764","326.638","cover-cover the noodles with water","False","0","None","0","None","0","None","0","None","0","None","0","None","0","None","0","None"
"4_32","49","340.70033579201936","343.311","Cover-Cover with a lid (or paper towel) to prevent splattering","False","0","None","0","None","0","None","0","None","0","None","0","None","0","None","0","None"
"4_32","45","347.12864401451026","597.168","Microwave-Microwave the ramen for 4 minutes","False","0","None","0","None","0","None","0","None","0","None","0","None","0","None","0","None"
"4_32","53","649.2591304715841","660.115","Add-Add chopped cilantro to the bowl","False","0","None","0","None","0","None","0","None","0","None","0","None","0","None","0","None"
"4_32","48","632.505","692.4206285368803","Let-Let the noodles sit for about 1 minute after the microwave stops","False","0","None","0","None","0","None","0","None","0","None","0","None","0","None","0","None"
"4_32","42","709.8688937122129","717.725","Mix-Mix in the flavour packet to the bowl","False","0","None","0","None","0","None","0","None","0","None","0","None","0","None","0","None"
"4_32","43","726.3988291414752","750.683","Stir-Stir noodles with a spoon or fork until the flavouring dissolves","True","0","None","0","None","0","None","0","None","1","Stir it faster such that water spills out of the bowl","0","None","0","None","0","None"
"4_32","46","None","None","slice-slice 1/4 medium onion into pieces","True","0","None","0","None","0","None","0","None","0","None","0","None","1","Missed this step","0","None"
"4_32","50","None","None","Add-Add basil to the bowl","True","0","None","0","None","0","None","0","None","0","None","0","None","1","Missed this step","0","None"
"4_35","47","18.718094800483676","70.19285550181378","Peel-Peel 1 medium onion","False","0","None","0","None","0","None","0","None","0","None","0","None","0","None","0","None"
"4_35","14","84.23142660217655","94.9274807738815","Peel-Peel 1 garlic clove","False","0","None","0","None","0","None","0","None","0","None","0","None","0","None","0","None"
"4_35","46","134.36918053204352","170.098","slice-slice 1/4 medium onion into pieces","True","0","None","0","None","0","None","0","None","1","chop onion instead of slice","0","None","0","None","0","None"
"4_35","51","177.8219006045949","190.18","Chop-Chop 1 garlic clove on a cutting board","True","0","None","0","None","0","None","0","None","1","slice garlic clove instead of chopping","0","None","0","None","0","None"
"4_35","44","208.5730563482467","220.28","Remove-Remove the noodles from the package(Break Noodles / Keep them as a block)","False","0","None","0","None","0","None","0","None","0","None","0","None","0","None","0","None"
"4_35","54","247.00900000000001","264.031","Put-Put all the Vegetables in a microwave-safe bowl","False","0","None","0","None","0","None","0","None","0","None","0","None","0","None","0","None"
"4_35","52","268.0698576783555","273.097","Add-Add the noodles to the bowl","False","0","None","0","None","0","None","0","None","0","None","0","None","0","None","0","None"
"4_35","55","276.7604016928658","284.1139389359129","cover-cover the noodles with water","False","0","None","0","None","0","None","0","None","0","None","0","None","0","None","0","None"
"4_35","45","296.146999879081","373.665","Microwave-Microwave the ramen for 4 minutes","True","0","None","0","None","0","None","1","Microwave for 1 min instead of 4 min","0","None","0","None","0","None","0","None"
"4_35","53","420.48862962515113","426.51","Add-Add chopped cilantro to the bowl","True","0","None","0","None","0","None","0","None","1","Add fresh cilantro to the bowl without chopping","0","None","0","None","0","None"
"4_35","48","375.6989027811366","495","Let-Let the noodles sit for about 1 minute after the microwave stops","True","0","None","0","None","0","None","1","Let the noodles sit for 2 minutes instead of 1 minute","0","None","0","None","0","None","0","None"
"4_35","42","501.37753929866994","509.3995799274486","Mix-Mix in the flavour packet to the bowl","False","0","None","0","None","0","None","0","None","0","None","0","None","0","None","0","None"
"4_35","43","517.4216205562274","546.786","Stir-Stir noodles with a spoon or fork until the flavouring dissolves","False","0","None","0","None","0","None","0","None","0","None","0","None","0","None","0","None"
"4_35","49","None","None","Cover-Cover with a lid (or paper towel) to prevent splattering","True","0","None","0","None","0","None","0","None","0","None","0","None","1","Missed this step","0","None"
"4_35","50","None","None","Add-Add basil to the bowl","True","0","None","0","None","0","None","0","None","0","None","0","None","1","Missed this step","0","None"
"4_36","47","25.256186215235793","140","Peel-Peel 1 medium onion","False","0","None","0","None","0","None","0","None","0","None","0","None","0","None","0","None"
"4_36","14","170.47925695284158","245.312","Peel-Peel 1 garlic clove","True","0","None","1","Peeling two garlic cloves instead of one.","0","None","0","None","0","None","0","None","0","None","0","None"
"4_36","51","272.504","311.394","Chop-Chop 1 garlic clove on a cutting board","False","0","None","0","None","0","None","0","None","0","None","0","None","0","None","0","None"
"4_36","46","344.74694183796856","417.054","slice-slice 1/4 medium onion into pieces","True","0","None","0","None","0","None","0","None","1","Chopping the 1/4 onion instead of slicing.","0","None","0","None","0","None"
"4_36","44","467.23944498186216","485.546","Remove-Remove the noodles from the package(Break Noodles / Keep them as a block)","False","0","None","0","None","0","None","0","None","0","None","0","None","0","None","0","None"
"4_36","54","506.3865336154777","525.117","Put-Put all the Vegetables in a microwave-safe bowl","True","0","None","0","None","0","None","0","None","1","Spilling some vegetables on the counter top.","0","None","0","None","0","None"
"4_36","52","568.2641898428053","580.629","Add-Add the noodles to the bowl","False","0","None","0","None","0","None","0","None","0","None","0","None","0","None","0","None"
"4_36","55","584.6807108827086","594.8340000000001","cover-cover the noodles with water","False","0","None","0","None","0","None","0","None","0","None","0","None","0","None","0","None"
"4_36","49","608.6740877871825","614.039","Cover-Cover with a lid (or paper towel) to prevent splattering","True","0","None","0","None","0","None","0","None","1","Not covering the paper towel properly.","0","None","0","None","0","None"
"4_36","45","641.5071298669891","801.788","Microwave-Microwave the ramen for 4 minutes","True","0","None","0","None","0","None","1","Instead of 4 minute microwaving only for two and half minutes.","0","None","0","None","0","None","0","None"
"4_36","50","803.1467216444981","814.5120054413543","Add-Add basil to the bowl","False","0","None","0","None","0","None","0","None","0","None","0","None","0","None","0","None"
"4_36","48","853.6590940749699","887.7549454655381","Let-Let the noodles sit for about 1 minute after the microwave stops","True","0","None","0","None","0","None","1","Allowing it to sit only for 1/2 minute instead of 1 minute.","0","None","0","None","0","None","0","None"
"4_36","53","940.543","946.062","Add-Add chopped cilantro to the bowl","False","0","None","0","None","0","None","0","None","0","None","0","None","0","None","0","None"
"4_36","42","986.2540717049577","1003.196","Mix-Mix in the flavour packet to the bowl","True","0","None","0","None","0","None","0","None","1","While mixing the flavour packet and spilled some out of the bowl.","0","None","0","None","0","None"
"4_36","43","1011","1044","Stir-Stir noodles with a spoon or fork until the flavouring dissolves","False","0","None","0","None","0","None","0","None","0","None","0","None","0","None","0","None"
"4_40","14","53.61761082950424","152.137","Peel-Peel 1 garlic clove","True","0","None","1","Peel 2 instead of 1 garlic clove","0","None","0","None","0","None","0","None","0","None","0","None"
"4_40","47","175.8342237496977","190.02712073397822","Peel-Peel 1 medium onion","True","1","Do not peel the onion","0","None","0","None","0","None","0","None","0","None","0","None","0","None"
"4_40","51","202.64302916444984","259.047","Chop-Chop 1 garlic clove on a cutting board","False","0","None","0","None","0","None","0","None","0","None","0","None","0","None","0","None"
"4_40","44","273.60751408585253","289.685","Remove-Remove the noodles from the package(Break Noodles / Keep them as a block)","True","1","Also break the noodles into 2 pieces","0","None","0","None","0","None","0","None","0","None","0","None","0","None"
"4_40","46","313.416","335.629","slice-slice 1/4 medium onion into pieces","True","0","None","0","None","0","None","0","None","1","Chop instead of slice","0","None","0","None","0","None"
"4_40","53","413.17100109794444","420.421","Add-Add chopped cilantro to the bowl","True","0","None","0","None","1","Step performed before adding vegetables and microwaving the noodles","0","None","0","None","0","None","0","None","0","None"
"4_40","52","421.421","427.172","Add-Add the noodles to the bowl","True","0","None","0","None","1","Step performed after adding cilantro","0","None","0","None","0","None","0","None","0","None"
"4_40","54","433.67185229746076","443.9222778972189","Put-Put all the Vegetables in a microwave-safe bowl","True","0","None","0","None","1","Step performed after adding cilantro","0","None","0","None","0","None","0","None","0","None"
"4_40","49","456.5381863276905","466.385","Cover-Cover with a lid (or paper towel) to prevent splattering","True","0","None","0","None","1","Step performed after adding cilantro and before adding water","0","None","0","None","0","None","0","None","0","None"
"4_40","45","472.30807186577994","543.289","Microwave-Microwave the ramen for 4 minutes","True","0","None","0","None","1","Step performed after adding cilantro and before adding water","1","Step performed after adding cilantro and before adding water","0","None","0","None","0","None","0","None"
"4_40","48","565.888","595.062","Let-Let the noodles sit for about 1 minute after the microwave stops","True","0","None","0","None","1","Step performed after adding cilantro and before adding water","1","Step performed after adding cilantro and before adding water","0","None","0","None","0","None","0","None"
"4_40","50","600.0441447243048","615.294","Add-Add basil to the bowl","True","0","None","0","None","1","Step performed before adding water to the bowl","0","None","0","None","0","None","0","None","0","None"
"4_40","55","622.9104787545346","633.1609043542927","cover-cover the noodles with water","True","1","Step performed after microwaving and adding vegetables","0","None","1","Step performed after microwaving and adding vegetables","0","None","0","None","0","None","0","None","0","None"
"4_40","43","638.680364292624","649.142","Stir-Stir noodles with a spoon or fork until the flavouring dissolves","False","0","None","0","None","0","None","0","None","0","None","0","None","0","None","0","None"
"4_40","42","None","None","Mix-Mix in the flavour packet to the bowl","True","0","None","0","None","0","None","0","None","0","None","0","None","1","Missed this step","0","None"
"4_43","14","21.54090674002418","30.227","Peel-Peel 1 garlic clove","False","0","None","0","None","0","None","0","None","0","None","0","None","0","None","0","None"
"4_43","44","44.06094560459492","65.038","Remove-Remove the noodles from the package(Break Noodles / Keep them as a block)","False","0","None","0","None","0","None","0","None","0","None","0","None","0","None","0","None"
"4_43","47","74.41404146553808","116.537","Peel-Peel 1 medium onion","False","0","None","0","None","0","None","0","None","0","None","0","None","0","None","0","None"
"4_43","51","122.39151556831922","136.057","Chop-Chop 1 garlic clove on a cutting board","False","0","None","0","None","0","None","0","None","0","None","0","None","0","None","0","None"
"4_43","54","143.9324223083434","150.744","Put-Put all the Vegetables in a microwave-safe bowl","True","0","None","0","None","1","Step performed before slicing the onions","0","None","0","None","0","None","0","None","0","None"
"4_43","46","173.577","187.118","slice-slice 1/4 medium onion into pieces","False","0","None","0","None","0","None","0","None","0","None","0","None","0","None","0","None"
"4_43","50","202.6803497811366","214.42993527569527","Add-Add basil to the bowl","True","0","None","0","None","1","Step performed before adding water and microwaving the bowl","0","None","0","None","0","None","0","None","0","None"
"4_43","55","277.0943912466747","331.781","cover-cover the noodles with water","True","1","Step performed before adding noodles to the bowl","0","None","1","Step performed before adding noodles to the bowl","0","None","0","None","0","None","0","None","0","None"
"4_43","49","335.8423187194679","342.049","Cover-Cover with a lid (or paper towel) to prevent splattering","True","0","None","0","None","1","Step performed before adding noodles to the bowl","0","None","0","None","0","None","1","Step performed before adding noodles to the bowl","0","None"
"4_43","45","360","372","Microwave-Microwave the ramen for 4 minutes","True","1","Step performed after adding basil to the bowl","0","None","1","Step performed after adding basil to the bowl","0","None","0","None","0","None","0","None","0","None"
"4_43","52","390.096","393.887","Add-Add the noodles to the bowl","True","0","None","0","None","1","Step performed after adding basil to the bowl","0","None","0","None","0","None","0","None","0","None"
"4_43","45","403.40243531318015","651.687","Microwave-Microwave the ramen for 4 minutes","True","0","None","0","None","1","Step performed after adding basil to the bowl","0","None","0","None","0","None","0","None","0","None"
"4_43","53","681.4759586844015","690.246","Add-Add chopped cilantro to the bowl","False","0","None","0","None","0","None","0","None","0","None","0","None","0","None","0","None"
"4_43","48","670.7055053143894","733.3699612853687","Let-Let the noodles sit for about 1 minute after the microwave stops","False","0","None","0","None","0","None","0","None","0","None","0","None","0","None","0","None"
"4_43","42","757.8482643990327","772.535","Mix-Mix in the flavour packet to the bowl","False","0","None","0","None","0","None","0","None","0","None","0","None","0","None","0","None"
"4_43","43","776.4517747654171","807.992","Stir-Stir noodles with a spoon or fork until the flavouring dissolves","True","0","None","0","None","0","None","0","None","1","Stir fast to spill the water out of the bowl","0","None","0","None","0","None"
"4_44","47","20.599054897218863","30","Peel-Peel 1 medium onion","True","0","None","0","None","0","None","0","None","1","Do not peel onion","0","None","0","None","0","None"
"4_44","14","30.01","34.255","Peel-Peel 1 garlic clove","False","0","None","0","None","0","None","0","None","0","None","0","None","0","None","0","None"
"4_44","46","55.91172043530833","71.096","slice-slice 1/4 medium onion into pieces","False","0","None","0","None","0","None","0","None","0","None","0","None","0","None","0","None"
"4_44","44","94.16710810157194","101.501","Remove-Remove the noodles from the package(Break Noodles / Keep them as a block)","False","0","None","0","None","0","None","0","None","0","None","0","None","0","None","0","None"
"4_44","52","108.14503821039902","131.708","Add-Add the noodles to the bowl","True","0","None","0","None","1","Step performed before adding vegetables to the bowl","0","None","0","None","0","None","0","None","0","None"
"4_44","14","140","158","Peel-Peel 1 garlic clove","False","0","None","0","None","0","None","0","None","0","None","0","None","0","None","0","None"
"4_44","51","157.25","169.435","Chop-Chop 1 garlic clove on a cutting board","False","0","None","0","None","0","None","0","None","0","None","0","None","0","None","0","None"
"4_44","54","180.24173035066502","195.69102152357917","Put-Put all the Vegetables in a microwave-safe bowl","True","0","None","0","None","1","Step performed after adding noodles to the bowl","0","None","0","None","0","None","0","None","0","None"
"4_44","55","222.9112012091898","226.68200000000002","cover-cover the noodles with water","True","0","None","0","None","0","None","0","None","1","Add a little amount that does not cover the noodles with water","0","None","0","None","0","None"
"4_44","49","242.77457557436514","248.281","Cover-Cover with a lid (or paper towel) to prevent splattering","False","0","None","0","None","0","None","0","None","0","None","0","None","0","None","0","None"
"4_44","45","252.33842249093104","443.201","Microwave-Microwave the ramen for 4 minutes","True","0","None","0","None","0","None","1","Microwave for 3 mins instead of 4 mins","0","None","0","None","0","None","0","None"
"4_44","50","456.1219298669891","460.157","Add-Add basil to the bowl","False","0","None","0","None","0","None","0","None","0","None","0","None","0","None","0","None"
"4_44","48","509.0909281741233","541.4608715840386","Let-Let the noodles sit for about 1 minute after the microwave stops","True","0","None","0","None","1","Step performed before adding cilantro","1","Step performed before adding cilantro","0","None","0","None","0","None","0","None"
"4_44","53","564.2669680773881","573.359","Add-Add chopped cilantro to the bowl","True","0","None","0","None","1","Step performed after letting the noodles sit","0","None","0","None","0","None","0","None","0","None"
"4_44","42","585.601","590.429","Mix-Mix in the flavour packet to the bowl","False","0","None","0","None","0","None","0","None","0","None","0","None","0","None","0","None"
"4_44","43","597.3725920193469","604.2","Stir-Stir noodles with a spoon or fork until the flavouring dissolves","True","0","None","0","None","0","None","0","None","1","Stir improperly such that flavouring does not dissolve","0","None","0","None","0","None"
"4_122","44","4.24","65.928","Remove-Remove the noodles from the package(Break Noodles / Keep them as a block)","False","0","None","0","None","0","None","0","None","0","None","0","None","0","None","0","None"
"4_122","14","78.39","157.281","Peel-Peel 1 garlic clove","False","0","None","0","None","0","None","0","None","0","None","0","None","0","None","0","None"
"4_122","47","160.096","252.654","Peel-Peel 1 medium onion","False","0","None","0","None","0","None","0","None","0","None","0","None","0","None","0","None"
"4_122","51","256.429","352.654","Chop-Chop 1 garlic clove on a cutting board","False","0","None","0","None","0","None","0","None","0","None","0","None","0","None","0","None"
"4_122","46","354.632","393.487","slice-slice 1/4 medium onion into pieces","False","0","None","0","None","0","None","0","None","0","None","0","None","0","None","0","None"
"4_122","54","398.282","436.465","Put-Put all the Vegetables in a microwave-safe bowl","False","0","None","0","None","0","None","0","None","0","None","0","None","0","None","0","None"
"4_122","52","438.399","449.701","Add-Add the noodles to the bowl","False","0","None","0","None","0","None","0","None","0","None","0","None","0","None","0","None"
"4_122","55","460.252","486.473","cover-cover the noodles with water","False","0","None","0","None","0","None","0","None","0","None","0","None","0","None","0","None"
"4_122","49","489.208","507.348","Cover-Cover with a lid (or paper towel) to prevent splattering","False","0","None","0","None","0","None","0","None","0","None","0","None","0","None","0","None"
"4_122","45","508.178","765.223","Microwave-Microwave the ramen for 4 minutes","False","0","None","0","None","0","None","0","None","0","None","0","None","0","None","0","None"
"4_122","50","771.491","792.668","Add-Add basil to the bowl","False","0","None","0","None","0","None","0","None","0","None","0","None","0","None","0","None"
"4_122","48","793.481","864.7466413793103","Let-Let the noodles sit for about 1 minute after the microwave stops","False","0","None","0","None","0","None","0","None","0","None","0","None","0","None","0","None"
"4_122","53","808.802","994.305","Add-Add chopped cilantro to the bowl","False","0","None","0","None","0","None","0","None","0","None","0","None","0","None","0","None"
"4_122","42","995.212","1027.299","Mix-Mix in the flavour packet to the bowl","False","0","None","0","None","0","None","0","None","0","None","0","None","0","None","0","None"
"4_122","43","1028.301","1092.328","Stir-Stir noodles with a spoon or fork until the flavouring dissolves","False","0","None","0","None","0","None","0","None","0","None","0","None","0","None","0","None"
"5_2","68","3.596","16.538","Measure-Measure 12 ounces of cold water","False","0","None","0","None","0","None","0","None","0","None","0","None","0","None","0","None"
"5_2","69","22.875","40.263","Place-Place the dripper on top of a coffee mug","False","0","None","0","None","0","None","0","None","0","None","0","None","0","None","0","None"
"5_2","65","49.286","133.51","Weigh-Weigh the coffee beans (0.8oz-0.12 oz)","False","0","None","0","None","0","None","0","None","0","None","0","None","0","None","0","None"
"5_2","67","119.479","186.178","Grind-Grind the coffee beans until the coffee grounds are the consistency of coarse sand, about 20 seconds","False","0","None","0","None","0","None","0","None","0","None","0","None","0","None","0","None"
"5_2","62","197.973","227.365","Prepare-Prepare the filter insert by folding the paper filter in half to create a semi-circle, and in half again to create a quarter-circle","False","0","None","0","None","0","None","0","None","0","None","0","None","0","None","0","None"
"5_2","70","264.447","285.194","transfer-transfer water to a kettle","False","0","None","0","None","0","None","0","None","0","None","0","None","0","None","0","None"
"5_2","60","237.345","257.287","Place-Place the paper filter in the dripper","False","0","None","0","None","0","None","0","None","0","None","0","None","0","None","0","None"
"5_2","64","285.652","456.304","Boil-Boil the water. (While the water is boiling, assemble the filter cone)","False","0","None","0","None","0","None","0","None","0","None","0","None","0","None","0","None"
"5_2","59","295.229","309.116","spread-spread open filter in dripper to create a cone","False","0","None","0","None","0","None","0","None","0","None","0","None","0","None","0","None"
"5_2","71","457.873","536.206","check-Once the water has boiled, check the temperature of the water. (The water should be between 195-205 degrees Fahrenheit or between 91-96 degrees Celsius. If the water is too hot, let it cool briefly.)","False","0","None","0","None","0","None","0","None","0","None","0","None","0","None","0","None"
"5_2","58","538.156","568.404","Transfer-Transfer the grounds to the filter cone","False","0","None","0","None","0","None","0","None","0","None","0","None","0","None","0","None"
"5_2","57","571.176","588.148","Pour-Pour a small amount of water into the filter to wet the grounds","False","0","None","0","None","0","None","0","None","0","None","0","None","0","None","0","None"
"5_2","56","588.665","605.702","Wait-Wait about 30 seconds for the coffee to bloom. (You will see small bubbles or foam on the coffee grounds during this step.)","False","0","None","0","None","0","None","0","None","0","None","0","None","0","None","0","None"
"5_2","61","606.242","659.103","pour-Slowly pour the rest of the water over the grounds in a circular motion. Do not overfill beyond the top of the paper filter","False","0","None","0","None","0","None","0","None","0","None","0","None","0","None","0","None"
"5_2","66","801.045","814.764","drain-Let the coffee drain completely into the mug before removing the dripper","False","0","None","0","None","0","None","0","None","0","None","0","None","0","None","0","None"
"5_2","63","798.4234137349924","811.9742084935903","Discard-Discard the paper filter and coffee grounds","False","0","None","0","None","0","None","0","None","0","None","0","None","0","None","0","None"
"5_3","68","3.54","25.802","Measure-Measure 12 ounces of cold water","False","0","None","0","None","0","None","0","None","0","None","0","None","0","None","0","None"
"5_3","69","26.646","38.994","Place-Place the dripper on top of a coffee mug","False","0","None","0","None","0","None","0","None","0","None","0","None","0","None","0","None"
"5_3","70","39.082","52.381","transfer-transfer water to a kettle","False","0","None","0","None","0","None","0","None","0","None","0","None","0","None","0","None"
"5_3","62","63.008","80.212","Prepare-Prepare the filter insert by folding the paper filter in half to create a semi-circle, and in half again to create a quarter-circle","False","0","None","0","None","0","None","0","None","0","None","0","None","0","None","0","None"
"5_3","60","80.405","86.815","Place-Place the paper filter in the dripper","False","0","None","0","None","0","None","0","None","0","None","0","None","0","None","0","None"
"5_3","59","80.712","86.26599999999999","spread-spread open filter in dripper to create a cone","False","0","None","0","None","0","None","0","None","0","None","0","None","0","None","0","None"
"5_3","64","108.473","138.39508249330507","Boil-Boil the water. (While the water is boiling, assemble the filter cone)","False","0","None","0","None","0","None","0","None","0","None","0","None","0","None","0","None"
"5_3","65","145.248","289.974","Weigh-Weigh the coffee beans (0.8oz-0.12 oz)","False","0","None","0","None","0","None","0","None","0","None","0","None","0","None","0","None"
"5_3","67","290.003","344.834","Grind-Grind the coffee beans until the coffee grounds are the consistency of coarse sand, about 20 seconds","False","0","None","0","None","0","None","0","None","0","None","0","None","0","None","0","None"
"5_3","71","345.235","385.557","check-Once the water has boiled, check the temperature of the water. (The water should be between 195-205 degrees Fahrenheit or between 91-96 degrees Celsius. If the water is too hot, let it cool briefly.)","False","0","None","0","None","0","None","0","None","0","None","0","None","0","None","0","None"
"5_3","58","385.462","402.828","Transfer-Transfer the grounds to the filter cone","False","0","None","0","None","0","None","0","None","0","None","0","None","0","None","0","None"
"5_3","57","403.009","413.472","Pour-Pour a small amount of water into the filter to wet the grounds","False","0","None","0","None","0","None","0","None","0","None","0","None","0","None","0","None"
"5_3","56","413.747","433.963","Wait-Wait about 30 seconds for the coffee to bloom. (You will see small bubbles or foam on the coffee grounds during this step.)","False","0","None","0","None","0","None","0","None","0","None","0","None","0","None","0","None"
"5_3","61","434.38","505.047","pour-Slowly pour the rest of the water over the grounds in a circular motion. Do not overfill beyond the top of the paper filter","False","0","None","0","None","0","None","0","None","0","None","0","None","0","None","0","None"
"5_3","66","512.1804933744334","543.701","drain-Let the coffee drain completely into the mug before removing the dripper","False","0","None","0","None","0","None","0","None","0","None","0","None","0","None","0","None"
"5_3","63","544.076","557.921","Discard-Discard the paper filter and coffee grounds","False","0","None","0","None","0","None","0","None","0","None","0","None","0","None","0","None"
"5_4","62","0","53.341","Prepare-Prepare the filter insert by folding the paper filter in half to create a semi-circle, and in half again to create a quarter-circle","False","0","None","0","None","0","None","0","None","0","None","0","None","0","None","0","None"
"5_4","68","53.703","113.197","Measure-Measure 12 ounces of cold water","False","0","None","0","None","0","None","0","None","0","None","0","None","0","None","0","None"
"5_4","65","115.44800000000001","225.09199999999998","Weigh-Weigh the coffee beans (0.8oz-0.12 oz)","False","0","None","0","None","0","None","0","None","0","None","0","None","0","None","0","None"
"5_4","67","235.808","295.201","Grind-Grind the coffee beans until the coffee grounds are the consistency of coarse sand, about 20 seconds","False","0","None","0","None","0","None","0","None","0","None","0","None","0","None","0","None"
"5_4","69","326.027","360.242","Place-Place the dripper on top of a coffee mug","False","0","None","0","None","0","None","0","None","0","None","0","None","0","None","0","None"
"5_4","60","367.525","372.011","Place-Place the paper filter in the dripper","False","0","None","0","None","0","None","0","None","0","None","0","None","0","None","0","None"
"5_4","59","372.532","380.24","spread-spread open filter in dripper to create a cone","False","0","None","0","None","0","None","0","None","0","None","0","None","0","None","0","None"
"5_4","70","383.418","397.919","transfer-transfer water to a kettle","False","0","None","0","None","0","None","0","None","0","None","0","None","0","None","0","None"
"5_4","58","402.454","446.74","Transfer-Transfer the grounds to the filter cone","False","0","None","0","None","0","None","0","None","0","None","0","None","0","None","0","None"
"5_4","64","461.134","598.349","Boil-Boil the water. (While the water is boiling, assemble the filter cone)","False","0","None","0","None","0","None","0","None","0","None","0","None","0","None","0","None"
"5_4","71","466.064","636.136","check-Once the water has boiled, check the temperature of the water. (The water should be between 195-205 degrees Fahrenheit or between 91-96 degrees Celsius. If the water is too hot, let it cool briefly.)","False","0","None","0","None","0","None","0","None","0","None","0","None","0","None","0","None"
"5_4","57","636.431","644.282","Pour-Pour a small amount of water into the filter to wet the grounds","False","0","None","0","None","0","None","0","None","0","None","0","None","0","None","0","None"
"5_4","56","644.56","660.061","Wait-Wait about 30 seconds for the coffee to bloom. (You will see small bubbles or foam on the coffee grounds during this step.)","False","0","None","0","None","0","None","0","None","0","None","0","None","0","None","0","None"
"5_4","61","660.496","714.604","pour-Slowly pour the rest of the water over the grounds in a circular motion. Do not overfill beyond the top of the paper filter","False","0","None","0","None","0","None","0","None","0","None","0","None","0","None","0","None"
"5_4","66","714.997","755.883","drain-Let the coffee drain completely into the mug before removing the dripper","False","0","None","0","None","0","None","0","None","0","None","0","None","0","None","0","None"
"5_4","63","756.012","779.427","Discard-Discard the paper filter and coffee grounds","False","0","None","0","None","0","None","0","None","0","None","0","None","0","None","0","None"
"5_11","65","4.483","115.86500000000001","Weigh-Weigh the coffee beans (0.8oz-0.12 oz)","False","0","None","0","None","0","None","0","None","0","None","0","None","0","None","0","None"
"5_11","69","119.798","140.73","Place-Place the dripper on top of a coffee mug","False","0","None","0","None","0","None","0","None","0","None","0","None","0","None","0","None"
"5_11","62","160.633","191.871","Prepare-Prepare the filter insert by folding the paper filter in half to create a semi-circle, and in half again to create a quarter-circle","False","0","None","0","None","0","None","0","None","0","None","0","None","0","None","0","None"
"5_11","60","192.086","194.252","Place-Place the paper filter in the dripper","False","0","None","0","None","0","None","0","None","0","None","0","None","0","None","0","None"
"5_11","67","196.286","242.546","Grind-Grind the coffee beans until the coffee grounds are the consistency of coarse sand, about 20 seconds","False","0","None","0","None","0","None","0","None","0","None","0","None","0","None","0","None"
"5_11","68","257.037","294.216","Measure-Measure 12 ounces of cold water","False","0","None","0","None","0","None","0","None","0","None","0","None","0","None","0","None"
"5_11","59","298.296","309.486","spread-spread open filter in dripper to create a cone","False","0","None","0","None","0","None","0","None","0","None","0","None","0","None","0","None"
"5_11","58","310.264","359.524","Transfer-Transfer the grounds to the filter cone","False","0","None","0","None","0","None","0","None","0","None","0","None","0","None","0","None"
"5_11","70","364.475","383.13","transfer-transfer water to a kettle","False","0","None","0","None","0","None","0","None","0","None","0","None","0","None","0","None"
"5_11","64","386.093","554.208","Boil-Boil the water. (While the water is boiling, assemble the filter cone)","False","0","None","0","None","0","None","0","None","0","None","0","None","0","None","0","None"
"5_11","71","556.222","628.808","check-Once the water has boiled, check the temperature of the water. (The water should be between 195-205 degrees Fahrenheit or between 91-96 degrees Celsius. If the water is too hot, let it cool briefly.)","False","0","None","0","None","0","None","0","None","0","None","0","None","0","None","0","None"
"5_11","57","629.216","636.942","Pour-Pour a small amount of water into the filter to wet the grounds","False","0","None","0","None","0","None","0","None","0","None","0","None","0","None","0","None"
"5_11","56","637.427","691.294","Wait-Wait about 30 seconds for the coffee to bloom. (You will see small bubbles or foam on the coffee grounds during this step.)","False","0","None","0","None","0","None","0","None","0","None","0","None","0","None","0","None"
"5_11","61","692.081","763.637","pour-Slowly pour the rest of the water over the grounds in a circular motion. Do not overfill beyond the top of the paper filter","False","0","None","0","None","0","None","0","None","0","None","0","None","0","None","0","None"
"5_11","66","764.061","841.486","drain-Let the coffee drain completely into the mug before removing the dripper","False","0","None","0","None","0","None","0","None","0","None","0","None","0","None","0","None"
"5_11","63","842.763","858.877","Discard-Discard the paper filter and coffee grounds","False","0","None","0","None","0","None","0","None","0","None","0","None","0","None","0","None"
"5_15","65","3.209","73.742","Weigh-Weigh the coffee beans (0.8oz-0.12 oz)","False","0","None","0","None","0","None","0","None","0","None","0","None","0","None","0","None"
"5_15","62","77.428","133.444","Prepare-Prepare the filter insert by folding the paper filter in half to create a semi-circle, and in half again to create a quarter-circle","True","1","Took two filter papers instead of one.","0","None","0","None","0","None","0","None","0","None","0","None","0","None"
"5_15","67","10.227","252.478","Grind-Grind the coffee beans until the coffee grounds are the consistency of coarse sand, about 20 seconds","False","0","None","0","None","0","None","0","None","0","None","0","None","0","None","0","None"
"5_15","69","256.45799999999997","273.101","Place-Place the dripper on top of a coffee mug","False","0","None","0","None","0","None","0","None","0","None","0","None","0","None","0","None"
"5_15","68","273.713","339.084","Measure-Measure 12 ounces of cold water","False","0","None","0","None","0","None","0","None","0","None","0","None","0","None","0","None"
"5_15","70","340.038","359.398","transfer-transfer water to a kettle","False","0","None","0","None","0","None","0","None","0","None","0","None","0","None","0","None"
"5_15","60","387.88370801502685","393.78","Place-Place the paper filter in the dripper","False","0","None","0","None","0","None","0","None","0","None","0","None","0","None","0","None"
"5_15","64","405.323","600.34","Boil-Boil the water. (While the water is boiling, assemble the filter cone)","False","0","None","0","None","0","None","0","None","0","None","0","None","0","None","0","None"
"5_15","59","380.648","393.991","spread-spread open filter in dripper to create a cone","False","0","None","0","None","0","None","0","None","0","None","0","None","0","None","0","None"
"5_15","71","439.477","628.968","check-Once the water has boiled, check the temperature of the water. (The water should be between 195-205 degrees Fahrenheit or between 91-96 degrees Celsius. If the water is too hot, let it cool briefly.)","False","0","None","0","None","0","None","0","None","0","None","0","None","0","None","0","None"
"5_15","58","629.084","656.218","Transfer-Transfer the grounds to the filter cone","False","0","None","0","None","0","None","0","None","0","None","0","None","0","None","0","None"
"5_15","57","663.066","676.006","Pour-Pour a small amount of water into the filter to wet the grounds","False","0","None","0","None","0","None","0","None","0","None","0","None","0","None","0","None"
"5_15","56","676.178","718.189","Wait-Wait about 30 seconds for the coffee to bloom. (You will see small bubbles or foam on the coffee grounds during this step.)","False","0","None","0","None","0","None","0","None","0","None","0","None","0","None","0","None"
"5_15","61","726.946","772.446","pour-Slowly pour the rest of the water over the grounds in a circular motion. Do not overfill beyond the top of the paper filter","False","0","None","0","None","0","None","0","None","0","None","0","None","0","None","0","None"
"5_15","66","772.888","851.331","drain-Let the coffee drain completely into the mug before removing the dripper","False","0","None","0","None","0","None","0","None","0","None","0","None","0","None","0","None"
"5_15","63","851.794","869.862","Discard-Discard the paper filter and coffee grounds","False","0","None","0","None","0","None","0","None","0","None","0","None","0","None","0","None"
"5_18","65","21.098","131.652","Weigh-Weigh the coffee beans (0.8oz-0.12 oz)","False","0","None","0","None","0","None","0","None","0","None","0","None","0","None","0","None"
"5_18","68","137.626","180.1","Measure-Measure 12 ounces of cold water","False","0","None","0","None","0","None","0","None","0","None","0","None","0","None","0","None"
"5_18","62","197.943","345.76","Prepare-Prepare the filter insert by folding the paper filter in half to create a semi-circle, and in half again to create a quarter-circle","False","0","None","0","None","0","None","0","None","0","None","0","None","0","None","0","None"
"5_18","70","306.787","345.235","transfer-transfer water to a kettle","False","0","None","0","None","0","None","0","None","0","None","0","None","0","None","0","None"
"5_18","69","366.815","371.884","Place-Place the dripper on top of a coffee mug","False","0","None","0","None","0","None","0","None","0","None","0","None","0","None","0","None"
"5_18","64","387.288","530.342","Boil-Boil the water. (While the water is boiling, assemble the filter cone)","False","0","None","0","None","0","None","0","None","0","None","0","None","0","None","0","None"
"5_18","71","530.775","598.939","check-Once the water has boiled, check the temperature of the water. (The water should be between 195-205 degrees Fahrenheit or between 91-96 degrees Celsius. If the water is too hot, let it cool briefly.)","False","0","None","0","None","0","None","0","None","0","None","0","None","0","None","0","None"
"5_18","67","599.066","679.688","Grind-Grind the coffee beans until the coffee grounds are the consistency of coarse sand, about 20 seconds","False","0","None","0","None","0","None","0","None","0","None","0","None","0","None","0","None"
"5_18","60","710.22","716.779","Place-Place the paper filter in the dripper","False","0","None","0","None","0","None","0","None","0","None","0","None","0","None","0","None"
"5_18","59","721.905","735.637","spread-spread open filter in dripper to create a cone","False","0","None","0","None","0","None","0","None","0","None","0","None","0","None","0","None"
"5_18","58","748.4","790.322","Transfer-Transfer the grounds to the filter cone","False","0","None","0","None","0","None","0","None","0","None","0","None","0","None","0","None"
"5_18","57","860.27","878.771","Pour-Pour a small amount of water into the filter to wet the grounds","False","0","None","0","None","0","None","0","None","0","None","0","None","0","None","0","None"
"5_18","56","879.351","981.215","Wait-Wait about 30 seconds for the coffee to bloom. (You will see small bubbles or foam on the coffee grounds during this step.)","False","0","None","0","None","0","None","0","None","0","None","0","None","0","None","0","None"
"5_18","61","981.815","1169.405","pour-Slowly pour the rest of the water over the grounds in a circular motion. Do not overfill beyond the top of the paper filter","False","0","None","0","None","0","None","0","None","0","None","0","None","0","None","0","None"
"5_18","66","1170.75","1347.404","drain-Let the coffee drain completely into the mug before removing the dripper","False","0","None","0","None","0","None","0","None","0","None","0","None","0","None","0","None"
"5_18","63","1347.412","1370.57","Discard-Discard the paper filter and coffee grounds","False","0","None","0","None","0","None","0","None","0","None","0","None","0","None","0","None"
"5_19","69","1.45","25.507","Place-Place the dripper on top of a coffee mug","False","0","None","0","None","0","None","0","None","0","None","0","None","0","None","0","None"
"5_19","62","32.044","92.485","Prepare-Prepare the filter insert by folding the paper filter in half to create a semi-circle, and in half again to create a quarter-circle","False","0","None","0","None","0","None","0","None","0","None","0","None","0","None","0","None"
"5_19","65","97.473","179.899","Weigh-Weigh the coffee beans (0.8oz-0.12 oz)","False","0","None","0","None","0","None","0","None","0","None","0","None","0","None","0","None"
"5_19","68","208.722","235.55","Measure-Measure 12 ounces of cold water","False","0","None","0","None","0","None","0","None","0","None","0","None","0","None","0","None"
"5_19","70","237.039","247.803","transfer-transfer water to a kettle","False","0","None","0","None","0","None","0","None","0","None","0","None","0","None","0","None"
"5_19","67","252.314","305.432","Grind-Grind the coffee beans until the coffee grounds are the consistency of coarse sand, about 20 seconds","False","0","None","0","None","0","None","0","None","0","None","0","None","0","None","0","None"
"5_19","60","330.077","336.073","Place-Place the paper filter in the dripper","False","0","None","0","None","0","None","0","None","0","None","0","None","0","None","0","None"
"5_19","64","336.639","483.035","Boil-Boil the water. (While the water is boiling, assemble the filter cone)","False","0","None","0","None","0","None","0","None","0","None","0","None","0","None","0","None"
"5_19","71","368.038","487.212","check-Once the water has boiled, check the temperature of the water. (The water should be between 195-205 degrees Fahrenheit or between 91-96 degrees Celsius. If the water is too hot, let it cool briefly.)","False","0","None","0","None","0","None","0","None","0","None","0","None","0","None","0","None"
"5_19","59","487.546","494.105","spread-spread open filter in dripper to create a cone","False","0","None","0","None","0","None","0","None","0","None","0","None","0","None","0","None"
"5_19","58","494.596","555.094","Transfer-Transfer the grounds to the filter cone","False","0","None","0","None","0","None","0","None","0","None","0","None","0","None","0","None"
"5_19","57","555.61","581.27","Pour-Pour a small amount of water into the filter to wet the grounds","False","0","None","0","None","0","None","0","None","0","None","0","None","0","None","0","None"
"5_19","56","581.03","615.573","Wait-Wait about 30 seconds for the coffee to bloom. (You will see small bubbles or foam on the coffee grounds during this step.)","False","0","None","0","None","0","None","0","None","0","None","0","None","0","None","0","None"
"5_19","61","616.048","719.261","pour-Slowly pour the rest of the water over the grounds in a circular motion. Do not overfill beyond the top of the paper filter","False","0","None","0","None","0","None","0","None","0","None","0","None","0","None","0","None"
"5_19","66","728.2191474233335","783.031","drain-Let the coffee drain completely into the mug before removing the dripper","False","0","None","0","None","0","None","0","None","0","None","0","None","0","None","0","None"
"5_19","63","783.494","809.723","Discard-Discard the paper filter and coffee grounds","False","0","None","0","None","0","None","0","None","0","None","0","None","0","None","0","None"
"5_22","65","16.853","128.596","Weigh-Weigh the coffee beans (0.8oz-0.12 oz)","False","0","None","0","None","0","None","0","None","0","None","0","None","0","None","0","None"
"5_22","62","134.39","170.238","Prepare-Prepare the filter insert by folding the paper filter in half to create a semi-circle, and in half again to create a quarter-circle","False","0","None","0","None","0","None","0","None","0","None","0","None","0","None","0","None"
"5_22","67","183.971","239.749","Grind-Grind the coffee beans until the coffee grounds are the consistency of coarse sand, about 20 seconds","False","0","None","0","None","0","None","0","None","0","None","0","None","0","None","0","None"
"5_22","68","240.749","262.595","Measure-Measure 12 ounces of cold water","False","0","None","0","None","0","None","0","None","0","None","0","None","0","None","0","None"
"5_22","70","292.777","332.692","transfer-transfer water to a kettle","False","0","None","0","None","0","None","0","None","0","None","0","None","0","None","0","None"
"5_22","69","338.228","353.318","Place-Place the dripper on top of a coffee mug","False","0","None","0","None","0","None","0","None","0","None","0","None","0","None","0","None"
"5_22","60","359.865","361.887","Place-Place the paper filter in the dripper","False","0","None","0","None","0","None","0","None","0","None","0","None","0","None","0","None"
"5_22","59","362.428","384.914","spread-spread open filter in dripper to create a cone","False","0","None","0","None","0","None","0","None","0","None","0","None","0","None","0","None"
"5_22","64","388.163","541.329","Boil-Boil the water. (While the water is boiling, assemble the filter cone)","False","0","None","0","None","0","None","0","None","0","None","0","None","0","None","0","None"
"5_22","71","474.786","670.233","check-Once the water has boiled, check the temperature of the water. (The water should be between 195-205 degrees Fahrenheit or between 91-96 degrees Celsius. If the water is too hot, let it cool briefly.)","False","0","None","0","None","0","None","0","None","0","None","0","None","0","None","0","None"
"5_22","58","411.146","658.174","Transfer-Transfer the grounds to the filter cone","False","0","None","0","None","0","None","0","None","0","None","0","None","0","None","0","None"
"5_22","57","671.724","684.43","Pour-Pour a small amount of water into the filter to wet the grounds","False","0","None","0","None","0","None","0","None","0","None","0","None","0","None","0","None"
"5_22","56","684.835","698.398","Wait-Wait about 30 seconds for the coffee to bloom. (You will see small bubbles or foam on the coffee grounds during this step.)","False","0","None","0","None","0","None","0","None","0","None","0","None","0","None","0","None"
"5_22","61","698.7","808.295","pour-Slowly pour the rest of the water over the grounds in a circular motion. Do not overfill beyond the top of the paper filter","False","0","None","0","None","0","None","0","None","0","None","0","None","0","None","0","None"
"5_22","66","808.793","918.218","drain-Let the coffee drain completely into the mug before removing the dripper","False","0","None","0","None","0","None","0","None","0","None","0","None","0","None","0","None"
"5_22","63","918.748","928.195","Discard-Discard the paper filter and coffee grounds","False","0","None","0","None","0","None","0","None","0","None","0","None","0","None","0","None"
"5_24","68","2.023","36.569","Measure-Measure 12 ounces of cold water","False","0","None","0","None","0","None","0","None","0","None","0","None","0","None","0","None"
"5_24","69","39.509","67.788","Place-Place the dripper on top of a coffee mug","False","0","None","0","None","0","None","0","None","0","None","0","None","0","None","0","None"
"5_24","62","73.547","105.24199999999999","Prepare-Prepare the filter insert by folding the paper filter in half to create a semi-circle, and in half again to create a quarter-circle","False","0","None","0","None","0","None","0","None","0","None","0","None","0","None","0","None"
"5_24","65","112.02799999999999","209.063","Weigh-Weigh the coffee beans (0.8oz-0.12 oz)","False","0","None","0","None","0","None","0","None","0","None","0","None","0","None","0","None"
"5_24","70","213.837","244.414","transfer-transfer water to a kettle","False","0","None","0","None","0","None","0","None","0","None","0","None","0","None","0","None"
"5_24","60","249.266","257.677","Place-Place the paper filter in the dripper","False","0","None","0","None","0","None","0","None","0","None","0","None","0","None","0","None"
"5_24","59","257.895","269.576","spread-spread open filter in dripper to create a cone","False","0","None","0","None","0","None","0","None","0","None","0","None","0","None","0","None"
"5_24","67","279.291","386.205","Grind-Grind the coffee beans until the coffee grounds are the consistency of coarse sand, about 20 seconds","False","0","None","0","None","0","None","0","None","0","None","0","None","0","None","0","None"
"5_24","64","386.767","536.333","Boil-Boil the water. (While the water is boiling, assemble the filter cone)","False","0","None","0","None","0","None","0","None","0","None","0","None","0","None","0","None"
"5_24","58","481.303","598.517","Transfer-Transfer the grounds to the filter cone","False","0","None","0","None","0","None","0","None","0","None","0","None","0","None","0","None"
"5_24","71","603.51","652.332","check-Once the water has boiled, check the temperature of the water. (The water should be between 195-205 degrees Fahrenheit or between 91-96 degrees Celsius. If the water is too hot, let it cool briefly.)","False","0","None","0","None","0","None","0","None","0","None","0","None","0","None","0","None"
"5_24","57","658.345","669.433","Pour-Pour a small amount of water into the filter to wet the grounds","False","0","None","0","None","0","None","0","None","0","None","0","None","0","None","0","None"
"5_24","56","669.893","730.04","Wait-Wait about 30 seconds for the coffee to bloom. (You will see small bubbles or foam on the coffee grounds during this step.)","False","0","None","0","None","0","None","0","None","0","None","0","None","0","None","0","None"
"5_24","61","733.66","773.438","pour-Slowly pour the rest of the water over the grounds in a circular motion. Do not overfill beyond the top of the paper filter","False","0","None","0","None","0","None","0","None","0","None","0","None","0","None","0","None"
"5_24","66","785.8886415874538","821.138","drain-Let the coffee drain completely into the mug before removing the dripper","False","0","None","0","None","0","None","0","None","0","None","0","None","0","None","0","None"
"5_24","63","823.19","853.478","Discard-Discard the paper filter and coffee grounds","False","0","None","0","None","0","None","0","None","0","None","0","None","0","None","0","None"
"5_27","68","4.264","98.06700000000001","Measure-Measure 12 ounces of cold water","True","1","Measure-Measure 12 ounces of milk instead of water","0","None","0","None","0","None","0","None","0","None","0","None","0","None"
"5_27","70","107.596","121.42","transfer-transfer water to a kettle","True","1","transfer-transfer milk to a microwave safe bowl","0","None","0","None","0","None","0","None","0","None","0","None","0","None"
"5_27","62","146.197","185.303","Prepare-Prepare the filter insert by folding the paper filter in half to create a semi-circle, and in half again to create a quarter-circle","True","0","None","0","None","0","None","0","None","1","Do not prepare the filter","0","None","0","None","0","None"
"5_27","69","197.16","222.64","Place-Place the dripper on top of a coffee mug","False","0","None","0","None","0","None","0","None","0","None","0","None","0","None","0","None"
"5_27","64","239.117","400.193","Boil-Boil the water. (While the water is boiling, assemble the filter cone)","True","1","Microwave the milk instead of boiling it in a kettle","0","None","0","None","0","None","0","None","0","None","0","None","0","None"
"5_27","60","413.174","426.843","Place-Place the paper filter in the dripper","True","0","None","0","None","0","None","0","None","1","place the improperly folded filter paper in dripper","0","None","0","None","0","None"
"5_27","59","440.742","455.037","spread-spread open filter in dripper to create a cone","True","0","None","0","None","0","None","0","None","1","unsuccessful in creating cone with improperly folded filter paper","0","None","0","None","0","None"
"5_27","65","476.088","571.919","Weigh-Weigh the coffee beans (0.8oz-0.12 oz)","True","0","None","1","Weigh-Weigh the coffee beans 0.4oz-0.6oz","0","None","0","None","0","None","0","None","0","None","0","None"
"5_27","67","583.323","805.777","Grind-Grind the coffee beans until the coffee grounds are the consistency of coarse sand, about 20 seconds","True","1","Grinding using stone mortar instead of coffee grinder","0","None","0","None","1","Grinding using stone mortar instead of coffee grinder","0","None","0","None","0","None","0","None"
"5_27","58","823.112","844.376","Transfer-Transfer the grounds to the filter cone","False","0","None","0","None","0","None","0","None","0","None","0","None","0","None","0","None"
"5_27","57","853.055","874.771","Pour-Pour a small amount of water into the filter to wet the grounds","True","1","Spill while pouring milk into the filter to wet the grounds","0","None","0","None","0","None","1","Spill while pouring milk into the filter to wet the grounds","0","None","0","None","0","None"
"5_27","56","874.99","974.528","Wait-Wait about 30 seconds for the coffee to bloom. (You will see small bubbles or foam on the coffee grounds during this step.)","True","0","None","0","None","0","None","1","Wait-Wait about 1 minute for the coffee to bloom. (You will see small bubbles or foam on the coffee grounds during this step.)","0","None","0","None","0","None","0","None"
"5_27","61","975.065","1017.218","pour-Slowly pour the rest of the water over the grounds in a circular motion. Do not overfill beyond the top of the paper filter","True","1","Pour milk instead of water","0","None","0","None","0","None","1","Pour milk instead of water","0","None","0","None","0","None"
"5_27","66","1017.945","1095.205","drain-Let the coffee drain completely into the mug before removing the dripper","False","0","None","0","None","0","None","0","None","0","None","0","None","0","None","0","None"
"5_27","63","1112.929","1140","Discard-Discard the paper filter and coffee grounds","False","0","None","0","None","0","None","0","None","0","None","0","None","0","None","0","None"
"5_27","71","None","None","check-Once the water has boiled, check the temperature of the water. (The water should be between 195-205 degrees Fahrenheit or between 91-96 degrees Celsius. If the water is too hot, let it cool briefly.)","True","0","None","0","None","0","None","0","None","0","None","0","None","1","Skipped this step","0","None"
"5_28","68","4.265","26.627","Measure-Measure 12 ounces of cold water","True","0","None","1","Measure 16 instead of 12 ounces","0","None","0","None","0","None","0","None","0","None","0","None"
"5_28","70","26.837","54.769","transfer-transfer water to a kettle","True","0","None","0","None","0","None","0","None","1","spill some water while transferring water to a kettle","0","None","0","None","0","None"
"5_28","65","56.792","147.713","Weigh-Weigh the coffee beans (0.8oz-0.12 oz)","True","0","None","1","Weighed 4oz instead of (0.8-0.12oz)","0","None","0","None","0","None","0","None","0","None","0","None"
"5_28","69","175.09199999999998","184.359","Place-Place the dripper on top of a coffee mug","False","0","None","0","None","0","None","0","None","0","None","0","None","0","None","0","None"
"5_28","64","148.395","175.05","Boil-Boil the water. (While the water is boiling, assemble the filter cone)","False","0","None","0","None","0","None","0","None","0","None","0","None","0","None","0","None"
"5_28","71","207.097","226.325","check-Once the water has boiled, check the temperature of the water. (The water should be between 195-205 degrees Fahrenheit or between 91-96 degrees Celsius. If the water is too hot, let it cool briefly.)","True","0","None","0","None","0","None","0","None","0","None","1","The water temperature is wrong","0","None","0","None"
"5_28","58","227.12","255.253","Transfer-Transfer the grounds to the filter cone","False","0","None","0","None","0","None","0","None","0","None","0","None","0","None","0","None"
"5_28","57","255.737","280.759","Pour-Pour a small amount of water into the filter to wet the grounds","False","0","None","0","None","0","None","0","None","0","None","0","None","0","None","0","None"
"5_28","56","280.866","294.272","Wait-Wait about 30 seconds for the coffee to bloom. (You will see small bubbles or foam on the coffee grounds during this step.)","True","0","None","0","None","0","None","1","15 instead of 30 seconds","0","None","0","None","0","None","0","None"
"5_28","61","294.695","331.907","pour-Slowly pour the rest of the water over the grounds in a circular motion. Do not overfill beyond the top of the paper filter","False","0","None","0","None","0","None","0","None","0","None","0","None","0","None","0","None"
"5_28","66","331.987","340.87","drain-Let the coffee drain completely into the mug before removing the dripper","True","0","None","0","None","0","None","1","Remove the dripper before all the water is drained into the mug","0","None","0","None","0","None","0","None"
"5_28","63","344.665","355.523","Discard-Discard the paper filter and coffee grounds","False","0","None","0","None","0","None","0","None","0","None","0","None","0","None","0","None"
"5_28","60","None","None","Place-Place the paper filter in the dripper","True","0","None","0","None","0","None","0","None","0","None","0","None","1","Skipped this step","0","None"
"5_28","67","None","None","Grind-Grind the coffee beans until the coffee grounds are the consistency of coarse sand, about 20 seconds","True","0","None","0","None","0","None","0","None","0","None","0","None","1","Skipped this step","0","None"
"5_28","62","None","None","Prepare-Prepare the filter insert by folding the paper filter in half to create a semi-circle, and in half again to create a quarter-circle","True","0","None","0","None","0","None","0","None","0","None","0","None","1","Skipped this step","0","None"
"5_28","59","None","None","spread-spread open filter in dripper to create a cone","True","0","None","0","None","0","None","0","None","0","None","0","None","1","Skipped this step","0","None"
"5_35","62","13.126","56.744","Prepare-Prepare the filter insert by folding the paper filter in half to create a semi-circle, and in half again to create a quarter-circle","False","0","None","0","None","0","None","0","None","0","None","0","None","0","None","0","None"
"5_35","65","64.114","162.239","Weigh-Weigh the coffee beans (0.8oz-0.12 oz)","True","0","None","1","Weigh coffee beans for 1.4 oz which is more than prescribed weight","0","None","0","None","0","None","0","None","0","None","0","None"
"5_35","68","275","293","Measure-Measure 12 ounces of cold water","False","0","None","0","None","0","None","0","None","0","None","0","None","0","None","0","None"
"5_35","70","293","305","transfer-transfer water to a kettle","False","0","None","0","None","0","None","0","None","0","None","0","None","0","None","0","None"
"5_35","60","326.116","346","Place-Place the paper filter in the dripper","True","0","None","0","None","1","Did not place dripper on top of a coffee mug and did not prepare the filter","0","None","0","None","0","None","0","None","0","None"
"5_35","59","346","360","spread-spread open filter in dripper to create a cone","True","0","None","0","None","0","None","0","None","1","not forming cone shape after spread open","0","None","0","None","0","None"
"5_35","67","370.035","416.314","Grind-Grind the coffee beans until the coffee grounds are the consistency of coarse sand, about 20 seconds","True","0","None","0","None","0","None","1","15 secs","0","None","0","None","0","None","0","None"
"5_35","64","427.341","595.843","Boil-Boil the water. (While the water is boiling, assemble the filter cone)","False","0","None","0","None","0","None","0","None","0","None","0","None","0","None","0","None"
"5_35","71","595","622.845","check-Once the water has boiled, check the temperature of the water. (The water should be between 195-205 degrees Fahrenheit or between 91-96 degrees Celsius. If the water is too hot, let it cool briefly.)","True","0","None","0","None","0","None","0","None","0","None","1","Heating water to a very high temperature instead of prescribed temperature","0","None","0","None"
"5_35","69","663.113","669.452","Place-Place the dripper on top of a coffee mug","True","0","None","0","None","1","Step performed after placing the filter in the dripper","0","None","0","None","0","None","0","None","0","None"
"5_35","58","609.795","679.181","Transfer-Transfer the grounds to the filter cone","False","0","None","0","None","0","None","0","None","0","None","0","None","0","None","0","None"
"5_35","57","684.643","700.783","Pour-Pour a small amount of water into the filter to wet the grounds","True","0","None","0","None","0","None","0","None","1","Pour a big amount of water into the filter to wet the grounds","0","None","0","None","0","None"
"5_35","56","700.713","730.476","Wait-Wait about 30 seconds for the coffee to bloom. (You will see small bubbles or foam on the coffee grounds during this step.)","False","0","None","0","None","0","None","0","None","0","None","0","None","0","None","0","None"
"5_35","66","730.522","791.269","drain-Let the coffee drain completely into the mug before removing the dripper","False","0","None","0","None","0","None","0","None","0","None","0","None","0","None","0","None"
"5_35","63","797.109","832.471","Discard-Discard the paper filter and coffee grounds","False","0","None","0","None","0","None","0","None","0","None","0","None","0","None","0","None"
"5_35","61","None","None","pour-Slowly pour the rest of the water over the grounds in a circular motion. Do not overfill beyond the top of the paper filter","True","0","None","0","None","0","None","0","None","0","None","0","None","1","Skipped this step","0","None"
"5_37","69","9.091","37.101","Place-Place the dripper on top of a coffee mug","False","0","None","0","None","0","None","0","None","0","None","0","None","0","None","0","None"
"5_37","68","41.275","82.191","Measure-Measure 12 ounces of cold water","True","0","None","1","Measure 8 instead of 12 ounces of water","0","None","0","None","0","None","0","None","0","None","0","None"
"5_37","70","92.167","122.57388039252635","transfer-transfer water to a kettle","True","0","None","0","None","0","None","0","None","1","transfer-transfer water to a kettle, while spilling some water outside","0","None","0","None","0","None"
"5_37","64","122.857","143.807","Boil-Boil the water. (While the water is boiling, assemble the filter cone)","False","0","None","0","None","0","None","0","None","0","None","0","None","0","None","0","None"
"5_37","65","144.126","267.803","Weigh-Weigh the coffee beans (0.8oz-0.12 oz)","True","0","None","1","Weigh 4 oz instead of (0.8oz-0.12oz)","0","None","0","None","0","None","0","None","0","None","0","None"
"5_37","62","277","322","Prepare-Prepare the filter insert by folding the paper filter in half to create a semi-circle, and in half again to create a quarter-circle","True","1","roll the paper filter instead of folding it","0","None","0","None","0","None","0","None","0","None","0","None","0","None"
"5_37","60","323","331.266","Place-Place the paper filter in the dripper","False","0","None","0","None","0","None","0","None","0","None","0","None","0","None","0","None"
"5_37","67","348.162","383.288","Grind-Grind the coffee beans until the coffee grounds are the consistency of coarse sand, about 20 seconds","True","0","None","0","None","0","None","1","10 instead of 20 seconds","0","None","0","None","0","None","0","None"
"5_37","59","413.205","431.225","spread-spread open filter in dripper to create a cone","True","0","None","0","None","0","None","0","None","1","Did not spread it correctly","0","None","0","None","0","None"
"5_37","58","445.488","486.436","Transfer-Transfer the grounds to the filter cone","True","0","None","0","None","0","None","0","None","1","Spilling some grounds outside","0","None","0","None","0","None"
"5_37","57","538.955","568.097","Pour-Pour a small amount of water into the filter to wet the grounds","False","0","None","0","None","0","None","0","None","0","None","0","None","0","None","0","None"
"5_37","56","569.031","588.98","Wait-Wait about 30 seconds for the coffee to bloom. (You will see small bubbles or foam on the coffee grounds during this step.)","False","0","None","0","None","0","None","0","None","0","None","0","None","0","None","0","None"
"5_37","61","589.178","653.366","pour-Slowly pour the rest of the water over the grounds in a circular motion. Do not overfill beyond the top of the paper filter","False","0","None","0","None","0","None","0","None","0","None","0","None","0","None","0","None"
"5_37","66","653.863","724.318","drain-Let the coffee drain completely into the mug before removing the dripper","False","0","None","0","None","0","None","0","None","0","None","0","None","0","None","0","None"
"5_37","63","725.9","740.953","Discard-Discard the paper filter and coffee grounds","False","0","None","0","None","0","None","0","None","0","None","0","None","0","None","0","None"
"5_37","71","None","None","check-Once the water has boiled, check the temperature of the water. (The water should be between 195-205 degrees Fahrenheit or between 91-96 degrees Celsius. If the water is too hot, let it cool briefly.)","True","0","None","0","None","0","None","0","None","0","None","0","None","1","Skipped this step","0","None"
"5_42","65","5.402","76.469","Weigh-Weigh the coffee beans (0.8oz-0.12 oz)","True","0","None","1","Weighing more than 0.12 Oz","0","None","0","None","0","None","0","None","0","None","0","None"
"5_42","62","84.256","128.449","Prepare-Prepare the filter insert by folding the paper filter in half to create a semi-circle, and in half again to create a quarter-circle","False","0","None","0","None","0","None","0","None","0","None","0","None","0","None","0","None"
"5_42","60","128.606","143.957","Place-Place the paper filter in the dripper","True","0","None","0","None","1","Step performed before placing the dripper on top of a coffee mug","0","None","1","Step performed before placing the dripper on top of a coffee mug","0","None","0","None","0","None"
"5_42","69","145.395","159.909","Place-Place the dripper on top of a coffee mug","True","0","None","0","None","1","Step performed after placing the paper filter in the dripper","0","None","0","None","0","None","0","None","0","None"
"5_42","59","162.497","181.406","spread-spread open filter in dripper to create a cone","False","0","None","0","None","0","None","0","None","0","None","0","None","0","None","0","None"
"5_42","67","187.807","264.241","Grind-Grind the coffee beans until the coffee grounds are the consistency of coarse sand, about 20 seconds","True","0","None","0","None","0","None","1","Not grinding properly and grind for 10 seconds only.","0","None","0","None","0","None","0","None"
"5_42","58","269.971","327.4613649323377","Transfer-Transfer the grounds to the filter cone","False","0","None","0","None","0","None","0","None","0","None","0","None","0","None","0","None"
"5_42","68","482.481","500.639","Measure-Measure 12 ounces of cold water","True","0","None","1","Measuring less than 12 ounces.","0","None","0","None","0","None","0","None","0","None","0","None"
"5_42","70","362.329","394.622","transfer-transfer water to a kettle","False","0","None","0","None","0","None","0","None","0","None","0","None","0","None","0","None"
"5_42","57","396.36","434.713","Pour-Pour a small amount of water into the filter to wet the grounds","True","0","None","1","Step performed before boiling the water","1","Step performed before boiling the water","0","None","0","None","0","None","0","None","0","None"
"5_42","56","436.623","457.399","Wait-Wait about 30 seconds for the coffee to bloom. (You will see small bubbles or foam on the coffee grounds during this step.)","True","0","None","0","None","1","Step performed before boiling the water","1","Step performed before boiling the water","0","None","0","None","0","None","0","None"
"5_42","61","458.202","481.618","pour-Slowly pour the rest of the water over the grounds in a circular motion. Do not overfill beyond the top of the paper filter","True","0","None","0","None","1","Step performed before boiling the water","0","None","0","None","0","None","0","None","0","None"
"5_42","66","482","655","drain-Let the coffee drain completely into the mug before removing the dripper","True","0","None","0","None","1","Step performed before boiling the water","1","Step performed before boiling the water","0","None","0","None","0","None","0","None"
"5_42","64","501.08","624.476","Boil-Boil the water. (While the water is boiling, assemble the filter cone)","True","0","None","0","None","1","Step performed after adding water to the filter cone","0","None","0","None","0","None","0","None","0","None"
"5_42","71","558.7139999999999","652.789","check-Once the water has boiled, check the temperature of the water. (The water should be between 195-205 degrees Fahrenheit or between 91-96 degrees Celsius. If the water is too hot, let it cool briefly.)","True","0","None","0","None","1","Step performed after adding water to the filter cone","0","None","0","None","1","Step performed after adding water to the filter cone","0","None","0","None"
"5_42","63","655.001","672.304","Discard-Discard the paper filter and coffee grounds","False","0","None","0","None","0","None","0","None","0","None","0","None","0","None","0","None"
"5_44","65","5.233","105.596","Weigh-Weigh the coffee beans (0.8oz-0.12 oz)","True","0","None","1","Weigh-Weigh the coffee beans (0.6-0.7 oz) as coffee beans got spilled.","0","None","0","None","1","Weigh-Weigh the coffee beans (0.6-0.7 oz) as coffee beans got spilled.","0","None","0","None","0","None"
"5_44","60","110.52199999999999","154.644","Place-Place the paper filter in the dripper","True","0","None","1","Step performed before preparing the filter and placing dripper on top of a coffee mug","1","Step performed before preparing the filter and placing dripper on top of a coffee mug","0","None","0","None","0","None","0","None","0","None"
"5_44","69","192.352","207.88400000000001","Place-Place the dripper on top of a coffee mug","True","1","Step performed after placing filter in the dripper","0","None","1","Step performed after placing filter in the dripper","0","None","0","None","0","None","0","None","0","None"
"5_44","59","216.236","326.52","spread-spread open filter in dripper to create a cone","True","0","None","0","None","1","Step performed before preparing the filter","0","None","1","Step performed before preparing the filter","0","None","0","None","0","None"
"5_44","67","330.177","371.294","Grind-Grind the coffee beans until the coffee grounds are the consistency of coarse sand, about 20 seconds","True","0","None","0","None","0","None","1","While transferring from weighing scale to coffee grinder spilling occurs.","1","While transferring from weighing scale to coffee grinder spilling occurs.","0","None","0","None","0","None"
"5_44","58","388.125","441.624","Transfer-Transfer the grounds to the filter cone","True","0","None","0","None","1","Step performed before preparing the filter","0","None","0","None","0","None","0","None","0","None"
"5_44","68","464.743","576.299","Measure-Measure 12 ounces of cold water","True","1","Used weighing scale instead of measuring jug for measuring water.","0","None","0","None","0","None","0","None","0","None","0","None","0","None"
"5_44","70","584.614","661.364","transfer-transfer water to a kettle","True","1","transfer-transfer water to a mixer","0","None","0","None","0","None","0","None","0","None","0","None","0","None"
"5_44","57","714.038","728.284","Pour-Pour a small amount of water into the filter to wet the grounds","True","1","Step performed before boiling water and preparing the filter","0","None","1","Step performed before boiling water and preparing the filter","0","None","0","None","0","None","0","None","0","None"
"5_44","56","730.489","760.102","Wait-Wait about 30 seconds for the coffee to bloom. (You will see small bubbles or foam on the coffee grounds during this step.)","True","0","None","0","None","1","Step performed before boiling water and preparing the filter","0","None","0","None","0","None","0","None","0","None"
"5_44","61","761.796","780.797","pour-Slowly pour the rest of the water over the grounds in a circular motion. Do not overfill beyond the top of the paper filter","True","0","None","0","None","1","Step performed before boiling water and preparing the filter","0","None","1","Step performed before boiling water and preparing the filter","0","None","0","None","0","None"
"5_44","66","781.013","856.777","drain-Let the coffee drain completely into the mug before removing the dripper","True","0","None","0","None","1","Step performed before boiling water and preparing the filter","0","None","0","None","0","None","0","None","0","None"
"5_44","64","813.251","936.783","Boil-Boil the water. (While the water is boiling, assemble the filter cone)","True","1","Step performed after adding water to the filter","0","None","1","Step performed after adding water to the filter","0","None","0","None","0","None","0","None","0","None"
"5_44","71","938.77","969.456","check-Once the water has boiled, check the temperature of the water. (The water should be between 195-205 degrees Fahrenheit or between 91-96 degrees Celsius. If the water is too hot, let it cool briefly.)","True","1","Step performed after adding water to the filter","0","None","1","Step performed after adding water to the filter","0","None","0","None","1","Step performed after adding water to the filter","0","None","0","None"
"5_44","62","973.311","982.497","Prepare-Prepare the filter insert by folding the paper filter in half to create a semi-circle, and in half again to create a quarter-circle","True","0","None","0","None","1","Step performed after adding water to the filter","0","None","0","None","0","None","0","None","0","None"
"5_44","63","989.209","1010.557","Discard-Discard the paper filter and coffee grounds","False","0","None","0","None","0","None","0","None","0","None","0","None","0","None","0","None"
"7_1","77","2.3776948016231985","36.26911290939263","add-Extract and add contents of an egg to a microwave-safe bowl","False","0","None","0","None","0","None","0","None","0","None","0","None","0","None","0","None"
"7_1","72","43.04739653094651","70.83835937931742","Whisk-Whisk the egg","False","0","None","0","None","0","None","0","None","0","None","0","None","0","None","0","None"
"7_1","81","74.90532955224975","106.08543421139763","Place-Place 8 inch tortilla on a cutting board","False","0","None","0","None","0","None","0","None","0","None","0","None","0","None","0","None"
"7_1","73","111.50806110864073","333.8357638956082","Microwave-Microwave for 3 minutes, stirring in between","False","0","None","0","None","0","None","0","None","0","None","0","None","0","None","0","None"
"7_1","74","335.1914206199189","377.21677907355297","Add-Add 1/2 tbsp sweet and sour sauce to the bowl","False","0","None","0","None","0","None","0","None","0","None","0","None","0","None","0","None"
"7_1","82","380.6059208843299","411.10819718132245","Sprinkle-Sprinkle oregano in the bowl","False","0","None","0","None","0","None","0","None","0","None","0","None","0","None","0","None"
"7_1","80","423.6480218811971","449.74441382417956","Add-Add 1 tbsp salsa to the bowl","False","0","None","0","None","0","None","0","None","0","None","0","None","0","None","0","None"
"7_1","76","449.06658546202414","468.045779602375","Mix-Mix the contents of the bowl well","False","0","None","0","None","0","None","0","None","0","None","0","None","0","None","0","None"
"7_1","79","470.4181788699189","483.2969177508713","Pour-Pour egg mixture on top of the tortilla","False","0","None","0","None","0","None","0","None","0","None","0","None","0","None","0","None"
"7_1","75","484.31366029410435","518.5439925829514","Sprinkle-Sprinkle 1 tbsp shredded cheddar cheese on top of the egg","False","0","None","0","None","0","None","0","None","0","None","0","None","0","None","0","None"
"7_1","78","520.9110963164161","540.907033","Roll-Roll the tortilla from one end to another into a log shape, about 1.5 inches thick. Roll it tight enough to prevent gaps but not so tight that the filling leaks","False","0","None","0","None","0","None","0","None","0","None","0","None","0","None","0","None"
"7_2","77","3.2629090041349436","88.33779720854767","add-Extract and add contents of an egg to a microwave-safe bowl","False","0","None","0","None","0","None","0","None","0","None","0","None","0","None","0","None"
"7_2","72","91.23400000000001","172.43","Whisk-Whisk the egg","False","0","None","0","None","0","None","0","None","0","None","0","None","0","None","0","None"
"7_2","73","181.8552315706502","588.3963003947904","Microwave-Microwave for 3 minutes, stirring in between","False","0","None","0","None","0","None","0","None","0","None","0","None","0","None","0","None"
"7_2","81","593.5917134149072","622.8159116530643","Place-Place 8 inch tortilla on a cutting board","False","0","None","0","None","0","None","0","None","0","None","0","None","0","None","0","None"
"7_2","74","629.3101779282102","673.4711885992031","Add-Add 1/2 tbsp sweet and sour sauce to the bowl","False","0","None","0","None","0","None","0","None","0","None","0","None","0","None","0","None"
"7_2","80","675.017","735.092","Add-Add 1 tbsp salsa to the bowl","False","0","None","0","None","0","None","0","None","0","None","0","None","0","None","0","None"
"7_2","82","744.2586909982946","778.0288756290538","Sprinkle-Sprinkle oregano in the bowl","False","0","None","0","None","0","None","0","None","0","None","0","None","0","None","0","None"
"7_2","76","780.12","800.011","Mix-Mix the contents of the bowl well","False","0","None","0","None","0","None","0","None","0","None","0","None","0","None","0","None"
"7_2","79","800.25","817.845","Pour-Pour egg mixture on top of the tortilla","False","0","None","0","None","0","None","0","None","0","None","0","None","0","None","0","None"
"7_2","75","826","907.069","Sprinkle-Sprinkle 1 tbsp shredded cheddar cheese on top of the egg","False","0","None","0","None","0","None","0","None","0","None","0","None","0","None","0","None"
"7_2","78","920.46","970.766","Roll-Roll the tortilla from one end to another into a log shape, about 1.5 inches thick. Roll it tight enough to prevent gaps but not so tight that the filling leaks","False","0","None","0","None","0","None","0","None","0","None","0","None","0","None","0","None"
"7_3","77","69.59057368421054","117.906","add-Extract and add contents of an egg to a microwave-safe bowl","False","0","None","0","None","0","None","0","None","0","None","0","None","0","None","0","None"
"7_3","72","128.65484210526316","180.70157368421053","Whisk-Whisk the egg","False","0","None","0","None","0","None","0","None","0","None","0","None","0","None","0","None"
"7_3","73","181.87116315789473","463.1574315789474","Microwave-Microwave for 3 minutes, stirring in between","False","0","None","0","None","0","None","0","None","0","None","0","None","0","None","0","None"
"7_3","82","469.0053789473684","491.81237368421057","Sprinkle-Sprinkle oregano in the bowl","False","0","None","0","None","0","None","0","None","0","None","0","None","0","None","0","None"
"7_3","80","494.15155263157897","535.6719789473684","Add-Add 1 tbsp salsa to the bowl","False","0","None","0","None","0","None","0","None","0","None","0","None","0","None","0","None"
"7_3","74","542.1047210526316","576.6076105263159","Add-Add 1/2 tbsp sweet and sour sauce to the bowl","False","0","None","0","None","0","None","0","None","0","None","0","None","0","None","0","None"
"7_3","81","587.7187105263158","606.4321421052632","Place-Place 8 inch tortilla on a cutting board","False","0","None","0","None","0","None","0","None","0","None","0","None","0","None","0","None"
"7_3","76","612.2800894736843","632.1631105263158","Mix-Mix the contents of the bowl well","False","0","None","0","None","0","None","0","None","0","None","0","None","0","None","0","None"
"7_3","79","643.2742105263158","665.4964105263158","Pour-Pour egg mixture on top of the tortilla","False","0","None","0","None","0","None","0","None","0","None","0","None","0","None","0","None"
"7_3","75","667.2507947368422","722.2215000000001","Sprinkle-Sprinkle 1 tbsp shredded cheddar cheese on top of the egg","False","0","None","0","None","0","None","0","None","0","None","0","None","0","None","0","None"
"7_3","78","729.2390368421053","770.1746684210527","Roll-Roll the tortilla from one end to another into a log shape, about 1.5 inches thick. Roll it tight enough to prevent gaps but not so tight that the filling leaks","False","0","None","0","None","0","None","0","None","0","None","0","None","0","None","0","None"
"7_5","77","0.750252165149201","70.35504218457275","add-Extract and add contents of an egg to a microwave-safe bowl","False","0","None","0","None","0","None","0","None","0","None","0","None","0","None","0","None"
"7_5","72","71.09947844146498","112.04347257053766","Whisk-Whisk the egg","False","0","None","0","None","0","None","0","None","0","None","0","None","0","None","0","None"
"7_5","73","113.90456321276822","353.24081980362035","Microwave-Microwave for 3 minutes, stirring in between","False","0","None","0","None","0","None","0","None","0","None","0","None","0","None","0","None"
"7_5","74","356.21856483118927","385.2515788499863","Add-Add 1/2 tbsp sweet and sour sauce to the bowl","False","0","None","0","None","0","None","0","None","0","None","0","None","0","None","0","None"
"7_5","82","386.36823323532457","399.0236496024925","Sprinkle-Sprinkle oregano in the bowl","False","0","None","0","None","0","None","0","None","0","None","0","None","0","None","0","None"
"7_5","81","400.51252211627695","431.40662677730455","Place-Place 8 inch tortilla on a cutting board","False","0","None","0","None","0","None","0","None","0","None","0","None","0","None","0","None"
"7_5","80","431.7788449057507","473.46727529171557","Add-Add 1 tbsp salsa to the bowl","False","0","None","0","None","0","None","0","None","0","None","0","None","0","None","0","None"
"7_5","76","472.7228390348233","499.5225442829436","Mix-Mix the contents of the bowl well","False","0","None","0","None","0","None","0","None","0","None","0","None","0","None","0","None"
"7_5","79","502.8725074389587","530.4166489439713","Pour-Pour egg mixture on top of the tortilla","False","0","None","0","None","0","None","0","None","0","None","0","None","0","None","0","None"
"7_5","75","532.2777395862017","562.4274079903371","Sprinkle-Sprinkle 1 tbsp shredded cheddar cheese on top of the egg","False","0","None","0","None","0","None","0","None","0","None","0","None","0","None","0","None"
"7_5","78","562.0551898618911","591.088203880688","Roll-Roll the tortilla from one end to another into a log shape, about 1.5 inches thick. Roll it tight enough to prevent gaps but not so tight that the filling leaks","False","0","None","0","None","0","None","0","None","0","None","0","None","0","None","0","None"
"7_18","77","3.0440566406249996","46.33730664062499","add-Extract and add contents of an egg to a microwave-safe bowl","False","0","None","0","None","0","None","0","None","0","None","0","None","0","None","0","None"
"7_18","81","46.337306640625","79.37689216694079","Place-Place 8 inch tortilla on a cutting board","False","0","None","0","None","0","None","0","None","0","None","0","None","0","None","0","None"
"7_18","72","81.27571892132674","141.65840971080044","Whisk-Whisk the egg","False","0","None","0","None","0","None","0","None","0","None","0","None","0","None","0","None"
"7_18","73","141.65840971080044","358.8841904125548","Microwave-Microwave for 3 minutes, stirring in between","False","0","None","0","None","0","None","0","None","0","None","0","None","0","None","0","None"
"7_18","82","360.40325181606363","409.01321672834433","Sprinkle-Sprinkle oregano in the bowl","False","0","None","0","None","0","None","0","None","0","None","0","None","0","None","0","None"
"7_18","74","411.29180883360743","447.3695171669408","Add-Add 1/2 tbsp sweet and sour sauce to the bowl","False","0","None","0","None","0","None","0","None","0","None","0","None","0","None","0","None"
"7_18","80","450.40763997395834","486.4853483072917","Add-Add 1 tbsp salsa to the bowl","False","0","None","0","None","0","None","0","None","0","None","0","None","0","None","0","None"
"7_18","76","488.0044097108004","518.0058724300986","Mix-Mix the contents of the bowl well","False","0","None","0","None","0","None","0","None","0","None","0","None","0","None","0","None"
"7_18","79","547.2478044476426","573.831379009046","Pour-Pour egg mixture on top of the tortilla","False","0","None","0","None","0","None","0","None","0","None","0","None","0","None","0","None"
"7_18","75","546.108508395011","582.1862167283443","Sprinkle-Sprinkle 1 tbsp shredded cheddar cheese on top of the egg","False","0","None","0","None","0","None","0","None","0","None","0","None","0","None","0","None"
"7_18","78","582.9457474300987","604.9662039473684","Roll-Roll the tortilla from one end to another into a log shape, about 1.5 inches thick. Roll it tight enough to prevent gaps but not so tight that the filling leaks","False","0","None","0","None","0","None","0","None","0","None","0","None","0","None","0","None"
"7_19","77","3.6097370165354796","77.18727192818963","add-Extract and add contents of an egg to a microwave-safe bowl","False","0","None","0","None","0","None","0","None","0","None","0","None","0","None","0","None"
"7_19","72","79.75991300901669","133.78537570638508","Whisk-Whisk the egg","False","0","None","0","None","0","None","0","None","0","None","0","None","0","None","0","None"
"7_19","73","133.2708474902197","426.03740248834004","Microwave-Microwave for 3 minutes, stirring in between","False","0","None","0","None","0","None","0","None","0","None","0","None","0","None","0","None"
"7_19","82","434.784382163152","454.3364543774378","Sprinkle-Sprinkle oregano in the bowl","False","0","None","0","None","0","None","0","None","0","None","0","None","0","None","0","None"
"7_19","80","467.7141879977385","518.1379531819491","Add-Add 1 tbsp salsa to the bowl","False","0","None","0","None","0","None","0","None","0","None","0","None","0","None","0","None"
"7_19","81","527.3994610729266","549.0096461518739","Place-Place 8 inch tortilla on a cutting board","False","0","None","0","None","0","None","0","None","0","None","0","None","0","None","0","None"
"7_19","74","548.4951179357085","614.3547296048814","Add-Add 1/2 tbsp sweet and sour sauce to the bowl","False","0","None","0","None","0","None","0","None","0","None","0","None","0","None","0","None"
"7_19","76","628.761519657513","650.3717047364603","Mix-Mix the contents of the bowl well","False","0","None","0","None","0","None","0","None","0","None","0","None","0","None","0","None"
"7_19","79","649.3426483041295","679.1852848417235","Pour-Pour egg mixture on top of the tortilla","False","0","None","0","None","0","None","0","None","0","None","0","None","0","None","0","None"
"7_19","75","690.5049055973626","767.6841380221746","Sprinkle-Sprinkle 1 tbsp shredded cheddar cheese on top of the egg","False","0","None","0","None","0","None","0","None","0","None","0","None","0","None","0","None"
"7_19","78","767.6841380221746","818.6224314225506","Roll-Roll the tortilla from one end to another into a log shape, about 1.5 inches thick. Roll it tight enough to prevent gaps but not so tight that the filling leaks","False","0","None","0","None","0","None","0","None","0","None","0","None","0","None","0","None"
"7_24","77","2.902159128289474","73.82037491776316","add-Extract and add contents of an egg to a microwave-safe bowl","False","0","None","0","None","0","None","0","None","0","None","0","None","0","None","0","None"
"7_24","81","75.75012228618421","124.4762433388158","Place-Place 8 inch tortilla on a cutting board","False","0","None","0","None","0","None","0","None","0","None","0","None","0","None","0","None"
"7_24","72","144.25615386513158","196.8417696546053","Whisk-Whisk the egg","False","0","None","0","None","0","None","0","None","0","None","0","None","0","None","0","None"
"7_24","73","198.77151702302632","477.1375749177631","Microwave-Microwave for 3 minutes, stirring in between","False","0","None","0","None","0","None","0","None","0","None","0","None","0","None","0","None"
"7_24","82","481.96194333881573","504.63647491776317","Sprinkle-Sprinkle oregano in the bowl","False","0","None","0","None","0","None","0","None","0","None","0","None","0","None","0","None"
"7_24","80","503.6716012335526","549.5031012335527","Add-Add 1 tbsp salsa to the bowl","False","0","None","0","None","0","None","0","None","0","None","0","None","0","None","0","None"
"7_24","74","549.0206643914473","593.4048538651316","Add-Add 1/2 tbsp sweet and sour sauce to the bowl","False","0","None","0","None","0","None","0","None","0","None","0","None","0","None","0","None"
"7_24","76","597.7467854440789","651.2972749177632","Mix-Mix the contents of the bowl well","False","0","None","0","None","0","None","0","None","0","None","0","None","0","None","0","None"
"7_24","79","650.8148380756579","661.4284486019737","Pour-Pour egg mixture on top of the tortilla","False","0","None","0","None","0","None","0","None","0","None","0","None","0","None","0","None"
"7_24","75","660.9460117598684","744.407585444079","Sprinkle-Sprinkle 1 tbsp shredded cheddar cheese on top of the egg","True","1","Spill some cheese.","0","None","0","None","0","None","0","None","0","None","0","None","0","None"
"7_24","78","748.7495170230263","769.4943012335526","Roll-Roll the tortilla from one end to another into a log shape, about 1.5 inches thick. Roll it tight enough to prevent gaps but not so tight that the filling leaks","False","0","None","0","None","0","None","0","None","0","None","0","None","0","None","0","None"
"7_26","77","2.6200937865660245","59.70469032791942","add-Extract and add contents of an egg to a microwave-safe bowl","False","0","None","0","None","0","None","0","None","0","None","0","None","0","None","0","None"
"7_26","73","60.41824778468632","162.69481658794447","Microwave-Microwave for 3 minutes, stirring in between","True","1","1.5 minutes instead of 3 minutes","0","None","0","None","1","1.5 minutes instead of 3 minutes","0","None","0","None","0","None","0","None"
"7_26","82","164.59763647265626","183.38798283418507","Sprinkle-Sprinkle oregano in the bowl","True","0","None","0","None","0","None","0","None","1","Splash some oregano outside the bowl","0","None","0","None","0","None"
"7_26","74","184.101540290952","216.6873308166412","Add-Add 1/2 tbsp sweet and sour sauce to the bowl","True","0","None","1","1 tbsp instead of 1/2 tbsp","0","None","0","None","0","None","0","None","0","None","0","None"
"7_26","80","216.68733081664124","246.1810390296738","Add-Add 1 tbsp salsa to the bowl","True","0","None","1","2 instead of 1 tbsp","0","None","0","None","0","None","0","None","0","None","0","None"
"7_26","81","246.65674400085175","298.5085858592477","Place-Place 8 inch tortilla on a cutting board","True","1","Using a soiled tortilla","0","None","0","None","0","None","0","None","0","None","0","None","0","None"
"7_26","79","299.93570077278156","316.82322724959863","Pour-Pour egg mixture on top of the tortilla","False","0","None","0","None","0","None","0","None","0","None","0","None","0","None","0","None"
"7_26","75","317.7746371919545","355.5931824006011","Sprinkle-Sprinkle 1 tbsp shredded cheddar cheese on top of the egg","True","0","None","0","None","0","None","0","None","1","Put the cheese beside the egg","0","None","0","None","0","None"
"7_26","78","357.25814979972387","379.612567","Roll-Roll the tortilla from one end to another into a log shape, about 1.5 inches thick. Roll it tight enough to prevent gaps but not so tight that the filling leaks","False","0","None","0","None","0","None","0","None","0","None","0","None","0","None","0","None"
"7_26","72","None","None","Whisk-Whisk the egg","True","0","None","0","None","0","None","0","None","0","None","0","None","1","Skipped this step","0","None"
"7_26","76","None","None","Mix-Mix the contents of the bowl well","True","0","None","0","None","0","None","0","None","0","None","0","None","1","Skipped this step","0","None"
"7_30","77","2.9320514046542137","53.200147268062736","add-Extract and add contents of an egg to a microwave-safe bowl","False","0","None","0","None","0","None","0","None","0","None","0","None","0","None","0","None"
"7_30","72","55.39632621355146","76.62605601994244","Whisk-Whisk the egg","False","0","None","0","None","0","None","0","None","0","None","0","None","0","None","0","None"
"7_30","73","78.09017531693492","259.64096814400256","Microwave-Microwave for 3 minutes, stirring in between","True","0","None","0","None","0","None","1","Microwave for 2 mins instead of 3 mins","0","None","0","None","0","None","0","None"
"7_30","82","263.30126638648375","281.11471783322565","Sprinkle-Sprinkle oregano in the bowl","True","1","Sprinkle basil instead of oregano","0","None","0","None","0","None","0","None","0","None","0","None","0","None"
"7_30","80","282.090797364554","298.44012951430335","Add-Add 1 tbsp salsa to the bowl","False","0","None","0","None","0","None","0","None","0","None","0","None","0","None","0","None"
"7_30","74","299.17218916279955","327.23447568848877","Add-Add 1/2 tbsp sweet and sour sauce to the bowl","True","0","None","1","Add 1 tbsp instead of 1/2 tbsp","0","None","0","None","0","None","0","None","0","None","0","None"
"7_30","76","327.23447568848877","364.0814779961329","Mix-Mix the contents of the bowl well","False","0","None","0","None","0","None","0","None","0","None","0","None","0","None","0","None"
"7_30","75","365.05755752746126","385.555227685356","Sprinkle-Sprinkle 1 tbsp shredded cheddar cheese on top of the egg","False","0","None","0","None","0","None","0","None","0","None","0","None","0","None","0","None"
"7_30","81","None","None","Place-Place 8 inch tortilla on a cutting board","True","0","None","0","None","0","None","0","None","0","None","0","None","1","Skipped this step","0","None"
"7_30","79","None","None","Pour-Pour egg mixture on top of the tortilla","True","0","None","0","None","0","None","0","None","0","None","0","None","1","Skipped this step","0","None"
"7_30","78","None","None","Roll-Roll the tortilla from one end to another into a log shape, about 1.5 inches thick. Roll it tight enough to prevent gaps but not so tight that the filling leaks","True","0","None","0","None","0","None","0","None","0","None","0","None","1","Skipped this step","0","None"
"7_32","77","3.970941380316024","31.3025899442258","add-Extract and add contents of an egg to a microwave-safe bowl","False","0","None","0","None","0","None","0","None","0","None","0","None","0","None","0","None"
"7_32","72","33.9475881923461","61.94048631828595","Whisk-Whisk the egg","True","0","None","0","None","0","None","0","None","1","Splash some egg outside the bowl while whisking","0","None","0","None","0","None"
"7_32","73","64.58548456640625","167.74041624309797","Microwave-Microwave for 3 minutes, stirring in between","True","1","Microwaved for 1.5 minutes instead of 3 minutes","0","None","0","None","1","Microwaved for 1.5 minutes instead of 3 minutes","0","None","0","None","0","None","0","None"
"7_32","81","187.35748658332355","213.1462195024965","Place-Place 8 inch tortilla on a cutting board","False","0","None","0","None","0","None","0","None","0","None","0","None","0","None","0","None"
"7_32","74","215.57080122994006","279.71200874685735","Add-Add 1/2 tbsp sweet and sour sauce to the bowl","True","0","None","1","Add 1 tbsp instead of 1/2 tbsp of sweet and sour sauce","0","None","0","None","0","None","0","None","0","None","0","None"
"7_32","82","281.2549243915942","298.8882460457296","Sprinkle-Sprinkle oregano in the bowl","False","0","None","0","None","0","None","0","None","0","None","0","None","0","None","0","None"
"7_32","76","301.3128277731732","315.8603181378348","Mix-Mix the contents of the bowl well","False","0","None","0","None","0","None","0","None","0","None","0","None","0","None","0","None"
"7_32","79","319.38698246866187","328.8648928577596","Pour-Pour egg mixture on top of the tortilla","False","0","None","0","None","0","None","0","None","0","None","0","None","0","None","0","None"
"7_32","78","333.4936397919701","351.56779448745885","Roll-Roll the tortilla from one end to another into a log shape, about 1.5 inches thick. Roll it tight enough to prevent gaps but not so tight that the filling leaks","False","0","None","0","None","0","None","0","None","0","None","0","None","0","None","0","None"
"7_32","80","None","None","Add-Add 1 tbsp salsa to the bowl","True","0","None","0","None","0","None","0","None","0","None","0","None","1","Skipped this step","0","None"
"7_32","75","None","None","Sprinkle-Sprinkle 1 tbsp shredded cheddar cheese on top of the egg","True","0","None","0","None","0","None","0","None","0","None","0","None","1","Skipped this step","0","None"
"7_35","77","1.8430242187499992","54.26682421875","add-Extract and add contents of an egg to a microwave-safe bowl","True","0","None","0","None","0","None","0","None","1","Not extracting egg correctly and adding shells to the bowl and remove them later","0","None","0","None","0","None"
"7_35","72","67.83263211348685","93.81460316611843","Whisk-Whisk the egg","False","0","None","0","None","0","None","0","None","0","None","0","None","0","None","0","None"
"7_35","76","None","None","Mix-Mix the contents of the bowl well","True","0","None","0","None","0","None","0","None","0","None","0","None","1","Skipped this step","0","None"
"7_35","74","122.32579263980263","151.98662685032895","Add-Add 1/2 tbsp sweet and sour sauce to the bowl","True","0","None","1","Step performed before microwaving the egg for 3 minutes","1","Step performed before microwaving the egg for 3 minutes","0","None","0","None","0","None","0","None","0","None"
"7_35","80","156.12534790296056","187.3956847450658","Add-Add 1 tbsp salsa to the bowl","True","0","None","0","None","1","Step performed before microwaving the egg for 3 minutes","0","None","0","None","0","None","0","None","0","None"
"7_35","73","192.6840505345395","239.1296979029606","Microwave-Microwave for 3 minutes, stirring in between","True","0","None","0","None","1","Step performed after adding sauce and salsa to the bowl","1","Step performed after adding sauce and salsa to the bowl","0","None","0","None","0","None","0","None"
"7_35","82","240.04941369243423","255.22472421875","Sprinkle-Sprinkle oregano in the bowl","True","1","Sprinkle basil instead of oregano","0","None","0","None","0","None","0","None","0","None","0","None","0","None"
"7_35","81","260","274","Place-Place 8 inch tortilla on a cutting board","True","1","Use plate instead of cutting board","0","None","0","None","0","None","0","None","0","None","0","None","0","None"
"7_35","79","256.6042979029605","290.17392421875","Pour-Pour egg mixture on top of the tortilla","False","0","None","0","None","0","None","0","None","0","None","0","None","0","None","0","None"
"7_35","75","292.0133557976974","324.4333373766448","Sprinkle-Sprinkle 1 tbsp shredded cheddar cheese on top of the egg","True","1","Using dirty spoon to scoop cheddar cheese","0","None","0","None","0","None","0","None","0","None","0","None","0","None"
"7_35","78","326.0428400082237","355.9336031661184","Roll-Roll the tortilla from one end to another into a log shape, about 1.5 inches thick. Roll it tight enough to prevent gaps but not so tight that the filling leaks","True","0","None","0","None","0","None","0","None","1","Roll improperly such that filling leaks","0","None","0","None","0","None"
"7_38","77","4.056816509046052","63.97287571957237","add-Extract and add contents of an egg to a microwave-safe bowl","False","0","None","0","None","0","None","0","None","0","None","0","None","0","None","0","None"
"7_38","81","66.28847221080044","101.311869140625","Place-Place 8 inch tortilla on a cutting board","False","0","None","0","None","0","None","0","None","0","None","0","None","0","None","0","None"
"7_38","73","110.57425510553729","270","Microwave-Microwave for 3 minutes, stirring in between","True","1","Step performed before whisking the egg","0","None","1","Step performed before whisking the egg","1","Step performed before whisking the egg","0","None","0","None","0","None","0","None"
"7_38","74","271","320.4251871230811","Add-Add 1/2 tbsp sweet and sour sauce to the bowl","True","1","Step performed before whisking the egg","1","Step performed before whisking the egg","1","Step performed before whisking the egg","0","None","0","None","0","None","0","None","0","None"
"7_38","82","321.2935358072917","344.16005115816887","Sprinkle-Sprinkle oregano in the bowl","True","1","Step performed before whisking the egg","0","None","1","Step performed before whisking the egg","0","None","0","None","0","None","0","None","0","None"
"7_38","72","344.4495007195724","355.4485840529057","Whisk-Whisk the egg","True","0","None","0","None","1","Did not whisk the contents properly","0","None","1","Did not whisk the contents properly","0","None","0","None","0","None"
"7_38","80","355.7380336143092","387.57748536869514","Add-Add 1 tbsp salsa to the bowl","True","1","Used soiled measuring spoon to add salsa","0","None","0","None","0","None","0","None","0","None","0","None","0","None"
"7_38","79","387.57748536869514","396.83987133360733","Pour-Pour egg mixture on top of the tortilla","True","0","None","0","None","1","Step performed before mixing the contents of the bowl","0","None","0","None","0","None","0","None","0","None"
"7_38","76","426.94262571957233","443.44125071957234","Mix-Mix the contents of the bowl well","True","0","None","0","None","1","Step performed after pouring the egg mixture on top of the tortilla","0","None","0","None","0","None","0","None","0","None"
"7_38","75","405.23390861430926","424.6270292283443","Sprinkle-Sprinkle 1 tbsp shredded cheddar cheese on top of the egg","False","0","None","0","None","0","None","0","None","0","None","0","None","0","None","0","None"
"7_38","78","444.305076754386","459.35645394736844","Roll-Roll the tortilla from one end to another into a log shape, about 1.5 inches thick. Roll it tight enough to prevent gaps but not so tight that the filling leaks","False","0","None","0","None","0","None","0","None","0","None","0","None","0","None","0","None"
"7_44","81","1.5574681537828947","23.91514183799342","Place-Place 8 inch tortilla on a cutting board","False","0","None","0","None","0","None","0","None","0","None","0","None","0","None","0","None"
"7_44","77","28.57299052220395","86.33031420641447","add-Extract and add contents of an egg to a microwave-safe bowl","True","1","Using a mug instead of a bowl","0","None","0","None","0","None","0","None","0","None","0","None","0","None"
"7_44","72","88.81450017132674","115.20897604851974","Whisk-Whisk the egg","True","1","Using a mug instead of a bowl","0","None","0","None","0","None","0","None","0","None","0","None","0","None"
"7_44","73","116.14054578536185","258.3601922765899","Microwave-Microwave for 3 minutes, stirring in between","True","1","Using a mug instead of a bowl","0","None","0","None","1","Using a mug instead of a bowl","0","None","0","None","0","None","0","None"
"7_44","74","259.29176201343205","293.1387957853618","Add-Add 1/2 tbsp sweet and sour sauce to the bowl","True","1","Using a mug instead of a bowl","1","Using a mug instead of a bowl","0","None","0","None","0","None","0","None","0","None","0","None"
"7_44","80","296.5545514871162","326.6753063116776","Add-Add 1 tbsp salsa to the bowl","True","1","Using a mug instead of a bowl","0","None","0","None","0","None","0","None","0","None","0","None","0","None"
"7_44","82","327.2963528029057","351.2066427151864","Sprinkle-Sprinkle oregano in the bowl","False","0","None","0","None","0","None","0","None","0","None","0","None","0","None","0","None"
"7_44","76","351.82768920641445","380.0853045572917","Mix-Mix the contents of the bowl well","True","1","Using a mug instead of a bowl","0","None","0","None","0","None","0","None","0","None","0","None","0","None"
"7_44","79","380.3958278029057","407.4113501713268","Pour-Pour egg mixture on top of the tortilla","True","1","Using a mug instead of a bowl","0","None","0","None","0","None","0","None","0","None","0","None","0","None"
"7_44","75","414.55338482044954","449.9530348204496","Sprinkle-Sprinkle 1 tbsp shredded cheddar cheese on top of the egg","True","1","Using mozzarella cheese instead of cheddar cheese","0","None","0","None","0","None","0","None","0","None","0","None","0","None"
"7_44","78","450.2635580660636","488.1473940309759","Roll-Roll the tortilla from one end to another into a log shape, about 1.5 inches thick. Roll it tight enough to prevent gaps but not so tight that the filling leaks","False","0","None","0","None","0","None","0","None","0","None","0","None","0","None","0","None"
"7_48","81","4.539504879160792","20.40711101073974","Place-Place 8 inch tortilla on a cutting board","False","0","None","0","None","0","None","0","None","0","None","0","None","0","None","0","None"
"7_48","77","25.318512908609414","86.52213655898535","add-Extract and add contents of an egg to a microwave-safe bowl","False","0","None","0","None","0","None","0","None","0","None","0","None","0","None","0","None"
"7_48","74","92.94473904081491","189.6615764142485","Add-Add 1/2 tbsp sweet and sour sauce to the bowl","True","0","None","0","None","1","Step performed before whisking and microwaving","0","None","0","None","0","None","0","None","0","None"
"7_48","73","195.70637875008808","334.3590323284089","Microwave-Microwave for 3 minutes, stirring in between","True","1","Step performed before whisking and after adding sweet and sour sauce","0","None","1","Step performed before whisking and after adding sweet and sour sauce","1","Step performed before whisking and after adding sweet and sour sauce","0","None","0","None","0","None","0","None"
"7_48","80","337.38143349632867","386.49545247502544","Add-Add 1 tbsp salsa to the bowl","True","0","None","0","None","1","Step performed before whisking the contents of the bowl","0","None","0","None","0","None","0","None","0","None"
"7_48","72","387.62885291299534","414.0748631322936","Whisk-Whisk the egg","True","1","Using spoon instead of whisk","0","None","1","Using spoon instead of whisk","0","None","0","None","0","None","0","None","0","None"
"7_48","82","417.09726430021345","449.58807685535123","Sprinkle-Sprinkle oregano in the bowl","False","0","None","0","None","0","None","0","None","0","None","0","None","0","None","0","None"
"7_48","76","449.9658770013412","471.50048532276975","Mix-Mix the contents of the bowl well","False","0","None","0","None","0","None","0","None","0","None","0","None","0","None","0","None"
"7_48","79","479.43428838855925","498.70209583404795","Pour-Pour egg mixture on top of the tortilla","False","0","None","0","None","0","None","0","None","0","None","0","None","0","None","0","None"
"7_48","75","504.3690980238976","557.6389186084841","Sprinkle-Sprinkle 1 tbsp shredded cheddar cheese on top of the egg","True","1","Using hands instead of spoon to remove cheese from the packet","1","Using hands instead of spoon to remove cheese from the packet","0","None","0","None","0","None","0","None","0","None","0","None"
"7_48","78","559.150119192444","599.9525349593613","Roll-Roll the tortilla from one end to another into a log shape, about 1.5 inches thick. Roll it tight enough to prevent gaps but not so tight that the filling leaks","False","0","None","0","None","0","None","0","None","0","None","0","None","0","None","0","None"
"7_50","77","7.330296419143562","75.39637299433154","add-Extract and add contents of an egg to a microwave-safe bowl","True","0","None","0","None","0","None","0","None","1","While breaking the egg leave tiny pieces of egg shell.","0","None","0","None","0","None"
"7_50","81","82.28914024245184","121.06095601312853","Place-Place 8 inch tortilla on a cutting board","False","0","None","0","None","0","None","0","None","0","None","0","None","0","None","0","None"
"7_50","72","125.3689355432037","171.46431651500825","Whisk-Whisk the egg","True","0","None","0","None","0","None","0","None","1","Spilling the egg contents while mixing.","0","None","0","None","0","None"
"7_50","73","177.064689904106","346.3682854360609","Microwave-Microwave for 3 minutes, stirring in between","True","0","None","0","None","0","None","1","Microwave for 2 min instead of 3 min.","0","None","0","None","0","None","0","None"
"7_50","79","347.2298813420759","381.69371758267744","Pour-Pour egg mixture on top of the tortilla","True","0","None","0","None","1","Step performed before adding salsa, oregano and sweet and sour sauce.","0","None","0","None","0","None","0","None","0","None"
"7_50","75","387.2940909717751","451.91378392290295","Sprinkle-Sprinkle 1 tbsp shredded cheddar cheese on top of the egg","True","0","None","1","Step performed before adding salsa, oregano and sweet and sour sauce.","1","Step performed before adding salsa, oregano and sweet and sour sauce.","0","None","0","None","0","None","0","None","0","None"
"7_50","74","467.4225102311736","522.5646482161361","Add-Add 1/2 tbsp sweet and sour sauce to the bowl","True","0","None","1","Step performed after pouring the egg mixture on top of the tortilla.","1","Step performed after pouring the egg mixture on top of the tortilla.","0","None","0","None","0","None","0","None","0","None"
"7_50","78","529.8882134172638","554.8744946916999","Roll-Roll the tortilla from one end to another into a log shape, about 1.5 inches thick. Roll it tight enough to prevent gaps but not so tight that the filling leaks","True","0","None","0","None","1","Step performed after pouring the egg mixture on top of the tortilla.","0","None","1","Step performed after pouring the egg mixture on top of the tortilla.","0","None","0","None","0","None"
"7_50","82","561.7672619398202","602.262269522527","Sprinkle-Sprinkle oregano in the bowl","True","0","None","0","None","1","Step performed after rolling the tortilla.","0","None","1","Step performed after rolling the tortilla.","0","None","0","None","0","None"
"7_50","76","603.985461334557","616.9093999247826","Mix-Mix the contents of the bowl well","True","0","None","0","None","1","Step performed after rolling the tortilla.","0","None","1","Step performed after rolling the tortilla.","0","None","0","None","0","None"
"7_50","80","626.3869548909481","679.8059010638804","Add-Add 1 tbsp salsa to the bowl","True","0","None","1","Step performed after rolling the tortilla.","1","Step performed after rolling the tortilla.","0","None","0","None","0","None","0","None","0","None"
"7_135","77","7.575278325589363","68.10475315766956","add-Extract and add contents of an egg to a microwave-safe bowl","True","0","None","0","None","0","None","0","None","1","Not extracting egg correctly and adding shells to the bowl and remove them later","0","None","0","None","0","None"
"7_135","72","72.76086660629112","116.41193018711817","Whisk-Whisk the egg","False","0","None","0","None","0","None","0","None","0","None","0","None","0","None","0","None"
"7_135","74","119.32200109250665","167.62917812195525","Add-Add 1/2 tbsp sweet and sour sauce to the bowl","True","0","None","1","Step performed before microwaving the contents of the bowl","1","Step performed before microwaving the contents of the bowl","0","None","0","None","0","None","0","None","0","None"
"7_135","80","174.03133411380992","222.33851114325853","Add-Add 1 tbsp salsa to the bowl","True","0","None","0","None","1","Step performed before microwaving the contents of the bowl","0","None","0","None","0","None","0","None","0","None"
"7_135","73","419.0593043475192","537.2081831062911","Microwave-Microwave for 3 minutes, stirring in between","True","0","None","0","None","1","Step performed after adding salsa and sweet and sour sauce","1","Step performed after adding salsa and sweet and sour sauce","0","None","0","None","0","None","0","None"
"7_135","82","651.8649767785969","732.1829337673187","Sprinkle-Sprinkle oregano in the bowl","True","1","Sprinkle basil instead of oregano","0","None","0","None","0","None","0","None","0","None","0","None","0","None"
"7_135","81","737","749","Place-Place 8 inch tortilla on a cutting board","True","1","use plate instead of cutting board","0","None","0","None","0","None","0","None","0","None","0","None","0","None"
"7_135","79","750.2253733807273","775.2519831670681","Pour-Pour egg mixture on top of the tortilla","False","0","None","0","None","0","None","0","None","0","None","0","None","0","None","0","None"
"7_135","75","779.9080966156896","821.2311034722059","Sprinkle-Sprinkle 1 tbsp shredded cheddar cheese on top of the egg","True","1","Using dirty spoon to scoop cheddar cheese","0","None","0","None","0","None","0","None","0","None","0","None","0","None"
"7_135","78","824.7231885586721","875.3584223124315","Roll-Roll the tortilla from one end to another into a log shape, about 1.5 inches thick. Roll it tight enough to prevent gaps but not so tight that the filling leaks","True","0","None","0","None","0","None","0","None","1","Roll improperly such that filling leaks","0","None","0","None","0","None"
"7_135","76","None","None","Mix-Mix the contents of the bowl well","True","0","None","0","None","0","None","0","None","0","None","0","None","1","Skipped this step","0","None"
"8_3","88","1.5905532356770835","60.552568247581846","Fill-Fill a microwave-safe mug with skimmed milk","False","0","None","0","None","0","None","0","None","0","None","0","None","0","None","0","None"
"8_3","89","61.610182866629465","152.30063644996278","Microwave-Microwave the contents of the mug for 1 minute","False","0","None","0","None","0","None","0","None","0","None","0","None","0","None","0","None"
"8_3","90","172.13091055710566","228.71329267615326","Add-Add 2 pieces of chocolate to the mug","False","0","None","0","None","0","None","0","None","0","None","0","None","0","None","0","None"
"8_3","84","152.5650401047247","171.33769959281994","Add-Add 1/5 teaspoon cinnamon to the mug","False","0","None","0","None","0","None","0","None","0","None","0","None","0","None","0","None"
"8_3","87","229.50650364043898","284.50246383091513","Add-Add 1 teaspoon of white sugar to the mug","False","0","None","0","None","0","None","0","None","0","None","0","None","0","None","0","None"
"8_3","85","287.14650037853414","331.30191072377227","Mix-Mix the contents of the mug","False","0","None","0","None","0","None","0","None","0","None","0","None","0","None","0","None"
"8_3","83","332.09512168805804","409.3009888785342","Heat-Heat the contents of the mug for 1 minute and serve","False","0","None","0","None","0","None","0","None","0","None","0","None","0","None","0","None"
"8_11","88","7.227750037760416","92.3053490941514","Fill-Fill a microwave-safe mug with skimmed milk","False","0","None","0","None","0","None","0","None","0","None","0","None","0","None","0","None"
"8_11","89","99.79645844502859","173.90493309477793","Microwave-Microwave the contents of the mug for 1 minute","False","0","None","0","None","0","None","0","None","0","None","0","None","0","None","0","None"
"8_11","84","174.97509157347469","220.99190615743458","Add-Add 1/5 teaspoon cinnamon to the mug","False","0","None","0","None","0","None","0","None","0","None","0","None","0","None","0","None"
"8_11","90","222.8646834951539","253.6317397576852","Add-Add 2 pieces of chocolate to the mug","False","0","None","0","None","0","None","0","None","0","None","0","None","0","None","0","None"
"8_11","87","258.7149925314947","310.35013912861257","Add-Add 1 teaspoon of white sugar to the mug","True","0","None","1","Used tablespoon instead of teaspoon.","0","None","0","None","0","None","0","None","0","None","0","None"
"8_11","85","313.8281541843769","347.80568588299855","Mix-Mix the contents of the mug","False","0","None","0","None","0","None","0","None","0","None","0","None","0","None","0","None"
"8_11","83","347.5381462633243","416.02828889991576","Heat-Heat the contents of the mug for 1 minute and serve","False","0","None","0","None","0","None","0","None","0","None","0","None","0","None","0","None"
"8_15","88","7.423080809357378","74.50797675923206","Fill-Fill a microwave-safe mug with skimmed milk","False","0","None","0","None","0","None","0","None","0","None","0","None","0","None","0","None"
"8_15","89","89.34405951737743","159.97671438767816","Microwave-Microwave the contents of the mug for 1 minute","False","0","None","0","None","0","None","0","None","0","None","0","None","0","None","0","None"
"8_15","87","163.52447330810426","247.70311678366815","Add-Add 1 teaspoon of white sugar to the mug","False","0","None","0","None","0","None","0","None","0","None","0","None","0","None","0","None"
"8_15","90","247.3805932454476","299.6294064371769","Add-Add 2 pieces of chocolate to the mug","False","0","None","0","None","0","None","0","None","0","None","0","None","0","None","0","None"
"8_15","84","303.49968889582357","360.2638316226406","Add-Add 1/5 teaspoon cinnamon to the mug","False","0","None","0","None","0","None","0","None","0","None","0","None","0","None","0","None"
"8_15","85","425.413586343192","487.0155821433173","Mix-Mix the contents of the mug","False","0","None","0","None","0","None","0","None","0","None","0","None","0","None","0","None"
"8_15","83","424.1234921903098","500.884094286801","Heat-Heat the contents of the mug for 1 minute and serve","False","0","None","0","None","0","None","0","None","0","None","0","None","0","None","0","None"
"8_16","88","0.004529509320175438","63.20024354440788","Fill-Fill a microwave-safe mug with skimmed milk","False","0","None","0","None","0","None","0","None","0","None","0","None","0","None","0","None"
"8_16","89","70.4474584566886","134.51283828125","Microwave-Microwave the contents of the mug for 1 minute","False","0","None","0","None","0","None","0","None","0","None","0","None","0","None","0","None"
"8_16","90","133.93306108826752","170.4590242461623","Add-Add 2 pieces of chocolate to the mug","False","0","None","0","None","0","None","0","None","0","None","0","None","0","None","0","None"
"8_16","84","170.45902424616227","218.58053126370615","Add-Add 1/5 teaspoon cinnamon to the mug","False","0","None","0","None","0","None","0","None","0","None","0","None","0","None","0","None"
"8_16","87","223.79852600054824","295.98078652686405","Add-Add 1 teaspoon of white sugar to the mug","False","0","None","0","None","0","None","0","None","0","None","0","None","0","None","0","None"
"8_16","85","296.56056371984647","376.8597049479166","Mix-Mix the contents of the mug","False","0","None","0","None","0","None","0","None","0","None","0","None","0","None","0","None"
"8_16","83","377.4394821408991","451.93632192982454","Heat-Heat the contents of the mug for 1 minute and serve","False","0","None","0","None","0","None","0","None","0","None","0","None","0","None","0","None"
"8_19","88","0","75.0162251114603","Fill-Fill a microwave-safe mug with skimmed milk","False","0","None","0","None","0","None","0","None","0","None","0","None","0","None","0","None"
"8_19","89","78.74980040156055","156.13663368727484","Microwave-Microwave the contents of the mug for 1 minute","False","0","None","0","None","0","None","0","None","0","None","0","None","0","None","0","None"
"8_19","87","158.1731293000568","237.59645819855305","Add-Add 1 teaspoon of white sugar to the mug","False","0","None","0","None","0","None","0","None","0","None","0","None","0","None","0","None"
"8_19","84","237.9358741340167","308.1949727749942","Add-Add 1/5 teaspoon cinnamon to the mug","False","0","None","0","None","0","None","0","None","0","None","0","None","0","None","0","None"
"8_19","90","307.8555568395305","354.6949559335155","Add-Add 2 pieces of chocolate to the mug","False","0","None","0","None","0","None","0","None","0","None","0","None","0","None","0","None"
"8_19","85","354.6949559335155","434.11828483201174","Mix-Mix the contents of the mug","False","0","None","0","None","0","None","0","None","0","None","0","None","0","None","0","None"
"8_19","83","433.10003702562074","511.505118117726","Heat-Heat the contents of the mug for 1 minute and serve","False","0","None","0","None","0","None","0","None","0","None","0","None","0","None","0","None"
"8_20","88","8.489844933535009","76.73136836398612","Fill-Fill a microwave-safe mug with skimmed milk","False","0","None","0","None","0","None","0","None","0","None","0","None","0","None","0","None"
"8_20","89","79.68235316097861","163.41654677564028","Microwave-Microwave the contents of the mug for 1 minute","False","0","None","0","None","0","None","0","None","0","None","0","None","0","None","0","None"
"8_20","84","196.61512574180568","292.89100474368536","Add-Add 1/5 teaspoon cinnamon to the mug","False","0","None","0","None","0","None","0","None","0","None","0","None","0","None","0","None"
"8_20","90","296.579735739926","394.69998023992594","Add-Add 2 pieces of chocolate to the mug","False","0","None","0","None","0","None","0","None","0","None","0","None","0","None","0","None"
"8_20","87","399.4953305350387","420.8899703132342","Add-Add 1 teaspoon of white sugar to the mug","False","0","None","0","None","0","None","0","None","0","None","0","None","0","None","0","None"
"8_20","85","422.7343358113545","464.4169960688733","Mix-Mix the contents of the mug","False","0","None","0","None","0","None","0","None","0","None","0","None","0","None","0","None"
"8_20","83","491.71360544105374","566.963717764362","Heat-Heat the contents of the mug for 1 minute and serve","False","0","None","0","None","0","None","0","None","0","None","0","None","0","None","0","None"
"8_25","88","6.09","72.181","Fill-Fill a microwave-safe mug with skimmed milk","False","0","None","0","None","0","None","0","None","0","None","0","None","0","None","0","None"
"8_25","89","75.218","149.636","Microwave-Microwave the contents of the mug for 1 minute","False","0","None","0","None","0","None","0","None","0","None","0","None","0","None","0","None"
"8_25","84","94.636","203","Add-Add 1/5 teaspoon cinnamon to the mug","False","0","None","0","None","0","None","0","None","0","None","0","None","0","None","0","None"
"8_25","90","205.363","236.909","Add-Add 2 pieces of chocolate to the mug","False","0","None","0","None","0","None","0","None","0","None","0","None","0","None","0","None"
"8_25","87","238.79","303.363","Add-Add 1 teaspoon of white sugar to the mug","False","0","None","0","None","0","None","0","None","0","None","0","None","0","None","0","None"
"8_25","85","305","351.181","Mix-Mix the contents of the mug","False","0","None","0","None","0","None","0","None","0","None","0","None","0","None","0","None"
"8_25","83","356.3636702298851","439.818","Heat-Heat the contents of the mug for 1 minute and serve","False","0","None","0","None","0","None","0","None","0","None","0","None","0","None","0","None"
"8_26","88","1.9796278303179826","44.0235721285636","Fill-Fill a microwave-safe mug with skimmed milk","True","1","Used whole milk","0","None","0","None","0","None","1","Used whole milk","0","None","0","None","0","None"
"8_26","89","47.127487479440795","177.77410633908988","Microwave-Microwave the contents of the mug for 1 minute","True","0","None","0","None","0","None","1","Microwave the contents of the mug for 2 minutes","0","None","0","None","0","None","0","None"
"8_26","90","179.74932519873903","219.5358765145285","Add-Add 2 pieces of chocolate to the mug","True","0","None","1","Added 4 pieces of chocolate to the mug","0","None","0","None","0","None","0","None","0","None","0","None"
"8_26","87","220.10022476014254","283.5894023917215","Add-Add 1 teaspoon of white sugar to the mug","False","0","None","0","None","0","None","0","None","0","None","0","None","0","None","0","None"
"8_26","85","285.5646212513706","314.91073002330046","Mix-Mix the contents of the mug","False","0","None","0","None","0","None","0","None","0","None","0","None","0","None","0","None"
"8_26","83","321.96508309347587","445.27517476014253","Heat-Heat the contents of the mug for 1 minute and serve","True","0","None","0","None","0","None","1","Microwaved on high for 8 secs on high. And 1 minute on low power","0","None","1","Microwaved on high for 8 secs on high. And 1 minute on low power","0","None","0","None"
"8_26","84","None","None","Add-Add 1/5 teaspoon cinnamon to the mug","True","0","None","0","None","0","None","0","None","0","None","0","None","1","Skipped this step","0","None"
"8_30","88","0","102.9219715254934","Fill-Fill a microwave-safe mug with skimmed milk","True","1","Using soiled mug without washing instead of a clean one.","0","None","0","None","0","None","0","None","0","None","0","None","0","None"
"8_30","90","104.33503731496711","124.11795836759869","Add-Add 2 pieces of chocolate to the mug","True","0","None","1","Add-Add 4 pieces of chocolate to the mug","0","None","0","None